2230,ADAMS DIVERSIFIED EQUITY FUND  INC.
3520,FRED ALGER MANAGEMENT  LLC
5272,AMERICAN INTERNATIONAL GROUP INC
7195,ARGUS INVESTORS' COUNSEL  INC.
7789,ASSOCIATED BANC-CORP
8565,Commonwealth Bank of Australia
9015,BARINGS LLC
9631,BANK OF NOVA SCOTIA
9634,BOKF  NA
10742,BECK MACK & OLIVER LLC
11544,BERKLEY W R CORP
12933,BOENNING & SCATTERGOOD  INC.
14661,BROWN BROTHERS HARRIMAN & CO
16972,CANNELL PETER B & CO INC
18349,SYNOVUS FINANCIAL CORP
18748,CENTRAL SECURITIES CORP
19475,CHASE INVESTMENT COUNSEL CORP
19481,Virtus Investment Advisers  Inc.
19617,JPMORGAN CHASE & CO
20286,CINCINNATI FINANCIAL CORP
21175,CNA FINANCIAL CORP
22657,LOWE BROCKENBROUGH & CO INC
24386,COOKE & BIELER LP
29915,DOW CHEMICAL CO /DE/
33250,EQUITABLE TRUST CO
35442,FIDUCIARY TRUST CO
35527,FIFTH THIRD BANCORP
36066,FIRST AMERICAN TRUST  FSB
36104,US BANCORP \DE\
36270,M&T Bank Corp
36644,FIRST NATIONAL BANK OF OMAHA
36966,FIRST HORIZON NATIONAL CORP
38777,FRANKLIN RESOURCES INC
39263,Cullen/Frost Bankers  Inc.
40417,GENERAL AMERICAN INVESTORS CO INC
40545,GENERAL ELECTRIC CO
40729,Ally Financial Inc.
44365,CENTRAL TRUST Co
45319,MEYER HANDELMAN CO
48966,COWEN AND COMPANY  LLC
49096,WINTRUST INVESTMENTS LLC
49205,HUNTINGTON NATIONAL BANK
49969,CIGNA INVESTMENTS INC /NEW
50863,INTEL CORP
51762,RNC CAPITAL MANAGEMENT LLC
51812,STONEBRIDGE CAPITAL MANAGEMENT INC
51964,INVESTMENT COUNSELORS OF MARYLAND LLC
52234,WINMILL & CO. INC
53417,JENNISON ASSOCIATES LLC
59558,LINCOLN NATIONAL CORP
59951,BANK OF THE WEST
60086,LOEWS CORP
60335,CAPITAL GROWTH MANAGEMENT LP
61227,MACKAY SHIELDS LLC
67088,MITSUBISHI UFJ FINANCIAL GROUP INC
67698,MONTAG & CALDWELL  LLC
70858,BANK OF AMERICA CORP /DE/
71210,NEVILLE RODIE & SHAW INC
71259,ROTHSCHILD & CO ASSET MANAGEMENT US INC.
72971,WELLS FARGO & COMPANY/MN
73124,NORTHERN TRUST CORP
73956,Fifth Third Securities  Inc.
74260,OLD REPUBLIC INTERNATIONAL CORPORATION
80255,PRICE T ROWE ASSOCIATES INC /MD/
83402,RESOURCE AMERICA  INC.
84616,ROCKLAND TRUST CO
89014,SENTRY INVESTMENT MANAGEMENT LLC
92230,TRUIST FINANCIAL CORP
93751,STATE STREET CORP
96223,Jefferies Financial Group Inc.
98758,Torray LLC
101199,UNITED FIRE GROUP INC
102212,UNIVEST FINANCIAL Corp
102909,VANGUARD GROUP INC
105495,WELCH & FORBES LLC
107136,WILEY BROS.-AINTREE CAPITAL  LLC
108572,WRIGHT INVESTORS SERVICE INC
200217,Dodge & Cox
200724,SMITH  MOORE & CO.
201772,ESSEX INVESTMENT MANAGEMENT CO LLC
216851,ADAMS NATURAL RESOURCES FUND  INC.
225816,ROWLAND & CO INVESTMENT COUNSEL/ADV
276101,BRISTOL JOHN W & CO INC /NY/
310051,KING LUTHER CAPITAL MANAGEMENT CORP
312069,BARCLAYS PLC
312272,COMMONWEALTH EQUITY SERVICES  LLC
312348,LOOMIS SAYLES & CO L P
313028,BARROW HANLEY MEWHINNEY & STRAUSS LLC
313807,BP PLC
314169,TERRIL BROTHERS  INC.
314949,GLENMEDE TRUST CO NA
314957,UNIVERSITY OF CHICAGO
314969,NEW YORK STATE TEACHERS RETIREMENT SYSTEM
314984,Thrivent Financial for Lutherans
314986,MIAMI CORP
315014,PITCAIRN CO
315032,STATE FARM MUTUAL AUTOMOBILE INSURANCE CO
315038,TEACHERS INSURANCE&ANNUITY ASSOCIATION OF AMERICA
315054,REGENTS OF THE UNIVERSITY OF CALIFORNIA
315066,FMR LLC
315080,BANK OF HAWAII
315157,ROBERT WOOD JOHNSON FOUNDATION
315297,PUBLIC EMPLOYEES RETIREMENT ASSOCIATION OF COLORADO
315498,GOFEN & GLOSSBERG LLC /IL/
316011,LILLY ENDOWMENT INC
318989,FIL Ltd
320335,Globe Life Inc.
320376,MCRAE CAPITAL MANAGEMENT INC
350894,SEI INVESTMENTS CO
351051,MASSACHUSETTS INSTITUTE OF TECHNOLOGY
351173,FRONTIER CAPITAL MANAGEMENT CO LLC
351262,SPRINGOWL ASSOCIATES LLC
354204,DIMENSIONAL FUND ADVISORS LP
354497,PFS INVESTMENTS INC.
354923,SEARCY FINANCIAL SERVICES INC /ADV
355429,PROTECTIVE LIFE CORP
356264,1ST SOURCE BANK
357301,TRUSTCO BANK CORP N Y
700529,ATALANTA SOSNOFF CAPITAL  LLC
701059,MML INVESTORS SERVICES  LLC
701189,MARSHALL FINANCIAL GROUP INC /ADV
701516,MEANS INVESTMENT CO.  INC.
706129,HORIZON BANCORP INC /IN/
707179,OLD NATIONAL BANCORP/IN/
709089,TOWNSEND ASSET MANAGEMENT CORP /NC/ /ADV
709428,COZAD ASSET MANAGEMENT INC
710127,SEARLE & CO.
711089,BENEDICT FINANCIAL ADVISORS INC
712011,PLANNING ALTERNATIVES LTD /ADV
712050,ALTFEST L J & CO INC
712534,FIRST MERCHANTS CORP
712537,First Commonwealth Financial Corp/PA/
713676,The PNC Financial Services Group  Inc.
714142,TEACHERS RETIREMENT SYSTEM OF THE STATE OF KENTUCKY
714364,OGOREK ANTHONY JOSEPH /NY/ /ADV
714395,German American Bancorp  Inc.
714562,FIRST FINANCIAL CORP /IN/
717538,ARROW FINANCIAL CORP
719245,Westpac Banking Corp
720672,STIFEL FINANCIAL CORP
724683,PIPER SANDLER & CO.
726854,CITY HOLDING CO
728083,FIRST MANHATTAN CO
728100,LORD  ABBETT & CO. LLC
728618,Metropolitan Life Insurance Co/NY
732847,FIRST WILSHIRE SECURITIES MANAGEMENT INC
732905,Tweedy  Browne Co LLC
733020,ARS Investment Partners  LLC
733444,ROMAN BUTLER FULLERTON & CO
733986,CAMBRIDGE ASSOCIATES LLC /MA/ /ADV
740272,HGK ASSET MANAGEMENT INC
740913,REAVES W H & CO INC
741073,STOCK YARDS BANK & TRUST CO
743127,PINNACLE ASSOCIATES LTD
746504,MID ATLANTIC FINANCIAL MANAGEMENT INC/ADV
747559,SMITH CAPITAL MANAGEMENT INC /AR/ADV
748054,AMERICAN CENTURY COMPANIES INC
749044,RESOURCES MANAGEMENT CORP /CT/ /ADV
750577,HANCOCK WHITNEY CORP
750641,BAILARD  INC.
752365,WALTER & KEENAN FINANCIAL CONSULTING CO /MI/ /ADV
752798,PROEQUITIES  INC.
754811,U S GLOBAL INVESTORS INC
757657,STEPHENS INC /AR/
759458,CANANDAIGUA NATIONAL CORP
759944,Citizens Financial Group Inc/RI
762152,STATE OF MICHIGAN RETIREMENT SYSTEM
763212,PRIMECAP MANAGEMENT CO/CA/
763848,NWQ INVESTMENT MANAGEMENT COMPANY  LLC
764038,SOUTH STATE CORP.
764068,Legal & General Group Plc
764106,FIRST HAWAIIAN BANK
764112,KIRR MARBACH & CO LLC /IN/
764529,PEREGRINE CAPITAL MANAGEMENT LLC
764532,FIDUCIARY MANAGEMENT INC /WI/
764611,ARKANSAS FINANCIAL GROUP  INC.
764739,SYM FINANCIAL Corp
765443,DUFF & PHELPS INVESTMENT MANAGEMENT CO
766018,KAYS FINANCIAL ADVISORY CORP /ADV
769317,SIT INVESTMENT ASSOCIATES INC
769954,ACCOUNT MANAGEMENT LLC
769963,HOWE & RUSLING INC
771118,WOODARD & CO ASSET MANAGEMENT GROUP INC /ADV
773411,VALLEY NATIONAL ADVISERS INC
775368,ALLEGHANY CORP /DE
778963,AUGUSTINE ASSET MANAGEMENT INC
779519,HELLMAN JORDAN MANAGEMENT CO INC /MA/
781875,COMERICA SECURITIES INC.
783412,DAILY JOURNAL CORP
784045,HC FINANCIAL ADVISORS INC
788714,SASCO CAPITAL INC / CT/
790354,CHEMUNG CANAL TRUST CO
790502,EAGLE ASSET MANAGEMENT INC
791191,ANDERSON HOAGLAND & CO
791490,CARRET ASSET MANAGEMENT  LLC
796848,TEACHER RETIREMENT SYSTEM OF TEXAS
799003,MOUNT VERNON ASSOCIATES INC /MD/
799004,BECKER CAPITAL MANAGEMENT INC
801051,CONNING INC.
805676,PARK NATIONAL CORP /OH/
806097,MERIDIAN MANAGEMENT CO
806250,KEYSTONE GROUP  L.P.
807249,GAMCO INVESTORS  INC. ET AL
807985,SOUTHEASTERN ASSET MANAGEMENT INC/TN/
808722,Knott David M
809339,PAPP L ROY & ASSOCIATES
809443,MEEDER ASSET MANAGEMENT INC
810265,NEW YORK STATE COMMON RETIREMENT FUND
810384,JAMES INVESTMENT RESEARCH INC
810386,Howard Hughes Medical Institute
810672,AFFINITY WEALTH MANAGEMENT LLC
810716,FLIPPIN BRUCE & PORTER INC
810958,CITIZENS & NORTHERN CORP
811360,Capital Investment Services of America  Inc.
811407,ASSET PLANNING SERVICES INC /LA/ /ADV
811454,WESTPORT ASSET MANAGEMENT INC
811808,SUMMIT FINANCIAL GROUP INC
813917,HARRIS ASSOCIATES L P
813933,ANCHOR CAPITAL ADVISORS LLC
814133,WASATCH ADVISORS INC
814375,DONALD SMITH & CO.  INC.
815917,JONES FINANCIAL COMPANIES LLLP
816192,FIRST NATIONAL CORP /MA/ /ADV
816788,TANAKA CAPITAL MANAGEMENT INC
819535,Cornerstone Capital  Inc.
819864,CREATIVE FINANCIAL DESIGNS INC /ADV
820027,AMERIPRISE FINANCIAL INC
820123,MARSHALL & SULLIVAN INC /WA/
820124,Sound Shore Management Inc /CT/
820289,FRIESS ASSOCIATES LLC
820478,STRS OHIO
820743,CRAMER ROSENTHAL MCGLYNN LLC
821103,PLANNING DIRECTIONS INC
821197,JOHNSON INVESTMENT COUNSEL INC
822581,OPPENHEIMER & CO INC
822648,Calton & Associates  Inc.
823621,CAMBIAR INVESTORS LLC
824468,CREDIT SUISSE AG/
825052,ROWLAND CARMICHAEL ADVISORS INC /ADV
825217,WHITENER CAPITAL MANAGEMENT  INC.
825293,CAPITAL MANAGEMENT ASSOCIATES /NY/
826154,ORRSTOWN FINANCIAL SERVICES INC
826516,QUEST CAPITAL MANAGEMENT INC /ADV
826794,CAMPBELL CAPITAL MANAGEMENT INC
829108,Brandywine Global Investment Management  LLC
829407,MONTAG A & ASSOCIATES INC
830588,SUMMIT PARTNERS L P
831001,CITIGROUP INC
831571,ST GERMAIN D J CO INC
836372,OAK ASSOCIATES LTD /OH/
837592,CRAWFORD INVESTMENT COUNSEL INC
837980,Lee Financial Group Hawaii  Inc.
838618,PDS Planning  Inc
841802,Fure Financial Corp
842180,BANCO BILBAO VIZCAYA ARGENTARIA  S.A.
842766,ADVISORS MANAGEMENT GROUP INC /ADV
842775,Clearstead Advisors  LLC
842782,ZWJ INVESTMENT COUNSEL INC
842941,HAVERFORD TRUST CO
844150,NatWest Group plc
846222,GREENHAVEN ASSOCIATES INC
846600,BANYAN CAPITAL MANAGEMENT  INC.
846633,STRATEGIC INVESTMENT MANAGEMENT  LLC
846788,MESIROW FINANCIAL INVESTMENT MANAGEMENT - EQUITY MANAGEMENT
846797,DEAN INVESTMENT ASSOCIATES  LLC
849854,STRATEGIC WEALTH MANAGEMENT INC
850401,TCW GROUP INC
850529,Fisher Asset Management  LLC
852743,MUFG BANK  LTD.
852933,COMMERZBANK AKTIENGESELLSCHAFT /FI
853758,MERCER GLOBAL ADVISORS INC /ADV
854157,STATE OF WISCONSIN INVESTMENT BOARD
855702,Penn Mutual Asset Management  LLC
857508,AMICA MUTUAL INSURANCE CO
859139,Delphi Financial Group  Inc.
859804,WEDGEWOOD PARTNERS INC
859872,KLINGENSTEIN FIELDS & CO LP
860176,MARK ASSET MANAGEMENT LP
860486,HIGHLAND CAPITAL MANAGEMENT  LLC
860561,EDGEWOOD MANAGEMENT LLC
860580,STEWART & PATTEN CO LLC
860585,RBS Partners  L.P.
860643,GARDNER RUSSO & GARDNER LLC
860644,Aristotle Capital Management  LLC
860645,MARVIN & PALMER ASSOCIATES INC
860662,ANGELO GORDON & CO.  L.P.
860748,KEMPER Corp
860828,CAPITAL ADVISORS INC/OK
860857,DELTA ASSET MANAGEMENT LLC/TN
861176,TRUSTMARK NATIONAL BANK TRUST DEPARTMENT
861177,UBS ASSET MANAGEMENT AMERICAS INC
861462,NORTH AMERICAN MANAGEMENT CORP
861787,Washington Trust Bank
862469,NEW MEXICO EDUCATIONAL RETIREMENT BOARD
863748,ROYAL LONDON ASSET MANAGEMENT LTD
866361,INVERNESS COUNSEL LLC /NY/
866590,MANCHESTER FINANCIAL INC
866780,TOTH FINANCIAL ADVISORY CORP
866842,DALTON GREINER HARTMAN MAHER & CO
867926,INVESTORS ASSET MANAGEMENT OF GEORGIA INC /GA/ /ADV
868491,CAPITAL GROWTH MANAGEMENT LP
869178,VAN ECK ASSOCIATES CORP
869179,MONETTA FINANCIAL SERVICES INC
869353,FERGUSON WELLMAN CAPITAL MANAGEMENT  INC
869367,ROFFMAN MILLER ASSOCIATES INC /PA/
869589,NISSAY ASSET MANAGEMENT CORP /JAPAN/ /ADV
869772,SECURITY BENEFIT LIFE INSURANCE CO /KS/
870481,INVESCO SENIOR SECURED MANAGEMENT INC /ADV
872080,BRAUN STACEY ASSOCIATES INC
872162,BLACKHILL CAPITAL INC
872163,Navellier & Associates Inc
872259,BAHL & GAYNOR INC
872359,LINCOLN CAPITAL CORP
872573,CAXTON ASSOCIATES LP
872732,FIRST MIDWEST BANK TRUST DIVISION
873630,HSBC HOLDINGS PLC
873687,NORTHWESTERN UNIVERSITY
873759,TANDEM CAPITAL MANAGEMENT CORP /ADV
874791,CAMPBELL NEWMAN ASSET MANAGEMENT INC
877134,WESBANCO BANK INC
877338,WS MANAGEMENT LLLP
878057,NEW ENGLAND GUILD WEALTH ADVISORS  INC.
878228,WENDELL DAVID ASSOCIATES INC
881432,MERITAGE PORTFOLIO MANAGEMENT
882119,SAGE FINANCIAL GROUP INC
883511,DUDLEY & SHANLEY  INC.
883677,PANAGORA ASSET MANAGEMENT INC
883782,Fulton Bank  N. A.
883790,BTR CAPITAL MANAGEMENT INC
883803,GRIFFIN ASSET MANAGEMENT  INC.
883948,Atlantic Union Bankshares Corp
883961,TOCQUEVILLE ASSET MANAGEMENT L.P.
883965,WEITZ INVESTMENT MANAGEMENT  INC.
884300,PERKINS CAPITAL MANAGEMENT INC
884314,BLUESTEIN R H & CO
884414,JACOBS LEVY EQUITY MANAGEMENT  INC
884423,SALEM INVESTMENT COUNSELORS INC
884541,TRILLIUM ASSET MANAGEMENT  LLC
884546,CHARLES SCHWAB INVESTMENT MANAGEMENT INC
884548,CONNORS INVESTOR SERVICES INC
884566,FENIMORE ASSET MANAGEMENT INC
884589,KENNEDY CAPITAL MANAGEMENT  INC.
885062,BROWN CAPITAL MANAGEMENT LLC
885118,AMERICAN ASSETS INC
885415,FOLGER NOLAN FLEMING DOUGLAS CAPITAL MANAGEMENT  INC
886982,GOLDMAN SACHS GROUP INC
887402,GODSEY & GIBB ASSOCIATES
887762,BARINGTON CAPITAL GROUP  L.P.
887777,DAVENPORT & Co LLC
887818,FACTORY MUTUAL INSURANCE CO
889232,INVESTOR AB
891287,DAVIS R M INC
891478,Banco Santander  S.A.
891943,CENTAURUS FINANCIAL  INC.
892914,INVESTMENT SECURITY GROUP INC /CO/ /ADV
893738,DELTA CAPITAL MANAGEMENT LLC
894205,PROFESSIONAL ADVISORY SERVICES INC
894300,BENDER ROBERT & ASSOCIATES
894309,SECURITY NATIONAL BANK OF SIOUX CITY IOWA /IA/
895213,CAPITAL INTERNATIONAL INC
895421,MORGAN STANLEY
896159,Chubb Ltd
897070,ASHFORD CAPITAL MANAGEMENT INC
897378,CONGRESS ASSET MANAGEMENT CO /MA
897599,LOCKHEED MARTIN INVESTMENT MANAGEMENT CO
898286,CAISSE DE DEPOT ET PLACEMENT DU QUEBEC
898358,KORNITZER CAPITAL MANAGEMENT INC /KS
898382,COOPERMAN LEON G
898399,KEMPNER CAPITAL MANAGEMENT INC.
898413,NBT BANK N A /NY
898419,PRUDENTIAL PLC
898427,AXA S.A.
899051,ALLSTATE CORP
899211,Security Asset Management
900169,SPEECE THORSON CAPITAL GROUP INC
900529,ARDSLEY ADVISORY PARTNERS LP
900973,Winslow Capital Management  LLC
900974,BRYN MAWR TRUST Co
901541,COMERICA BANK
901849,GUARDIAN LIFE INSURANCE CO OF AMERICA
902219,WELLINGTON MANAGEMENT GROUP LLP
902367,BLAIR WILLIAM & CO/IL
902464,GILDER GAGNON HOWE & CO LLC
902528,BANK HAPOALIM BM
902584,ADVISORY RESEARCH INC
902614,WILEN INVESTMENT MANAGEMENT CORP.
902967,Trustees of General Electric Pension Trust
903064,GRACE & WHITE INC /NY
903514,UNIVERSITY OF NOTRE DAME DU LAC
903783,OLD SECOND NATIONAL BANK OF AURORA
903944,CAMDEN ASSET MANAGEMENT L P /CA
903947,MILLER HOWARD INVESTMENTS INC /NY
903949,NICHOLAS COMPANY  INC.
904163,AMERICAN NATIONAL INSURANCE CO
904793,SANTA MONICA PARTNERS LP
905567,YACKTMAN ASSET MANAGEMENT LP
905591,NIPPON LIFE INSURANCE CO
905608,ICM ASSET MANAGEMENT INC/WA
905790,GLUSKIN SHEFF & ASSOC INC
906304,ROYCE & ASSOCIATES LP
906396,MOSELEY INVESTMENT MANAGEMENT INC
908195,SHUFRO ROSE & CO LLC
908431,Pacific Global Investment Management CO
908551,HERSHEY TRUST CO
908758,American Beacon Advisors  Inc.
909103,ATLANTA FINANCIAL ASSOCIATES LLC /ADV
909151,SCHWARTZ INVESTMENT COUNSEL INC
909661,FARALLON CAPITAL MANAGEMENT LLC
911088,EII CAPITAL MANAGEMENT  INC.
911270,GLYNN CAPITAL MANAGEMENT LLC
911274,BEESE FULMER INVESTMENT MANAGEMENT  INC.
912160,WESTWOOD MANAGEMENT CORP /IL/
912938,MASSACHUSETTS FINANCIAL SERVICES CO /MA/
913760,StoneX Group Inc.
913990,LANDAAS & CO /WI /ADV
914208,Invesco Ltd.
914933,CONNABLE OFFICE INC
914976,MARSHFIELD ASSOCIATES
915191,Fairfax Financial Holdings Ltd/ Can
915287,MCKINLEY CAPITAL MANAGEMENT LLC /DELAWARE
915325,BADGLEY PHELPS & BELL INC
916542,ACADIAN ASSET MANAGEMENT LLC
917579,KESTREL INVESTMENT MANAGEMENT CORP
918504,BIRMINGHAM CAPITAL MANAGEMENT CO INC/AL
918537,PRICE MICHAEL F
918893,ROSENBLUM SILVERMAN SUTTON S F INC /CA
919079,CALIFORNIA PUBLIC EMPLOYEES RETIREMENT SYSTEM
919185,HIGHBRIDGE CAPITAL MANAGEMENT LLC
919192,AMALGAMATED BANK
919219,PAYDEN & RYGEL
919458,ALERUS FINANCIAL  NA
919489,ALLEN HOLDING INC /NY
919497,Middleton & Co Inc/MA
919530,JOHN G ULLMAN & ASSOCIATES INC
919538,CORBYN INVESTMENT MANAGEMENT INC/MD
919859,MACKENZIE FINANCIAL CORP
920440,WAFRA INC.
920441,KELLY LAWRENCE W & ASSOCIATES INC/CA
921531,GLOBEFLEX CAPITAL L P
921669,ICAHN CARL C
922127,MUTUAL OF AMERICA CAPITAL MANAGEMENT LLC
922439,HARTFORD INVESTMENT MANAGEMENT CO
922898,M&G INVESTMENT MANAGEMENT LTD
923093,Tudor Investment Corp Et Al
923116,GROESBECK INVESTMENT MANAGEMENT CORP /NJ/
923338,KOCH INDUSTRIES INC
923469,CADINHA & CO LLC
924020,Johnson & Johnson Innovation - JJDC  Inc.
924166,HALLMARK CAPITAL MANAGEMENT INC
924171,OAKMONT CORP
924181,LEAVELL INVESTMENT MANAGEMENT  INC.
924920,BASS LEE M /TX/
926688,SMITH THOMAS W
926833,WISCONSIN CAPITAL MANAGEMENT LLC
926834,GILLESPIE ROBINSON & GRIMM INC
927337,WOLVERINE TRADING  LLC
927628,CAPITAL ONE FINANCIAL CORP
927971,BANK OF MONTREAL /CAN/
928047,MANUFACTURERS LIFE INSURANCE COMPANY  THE
928052,HM PAYSON & CO
928196,HARDING LOEVNER LP
928400,ELKHORN PARTNERS LIMITED PARTNERSHIP
928566,WASHINGTON CAPITAL MANAGEMENT INC
928568,GUYASUTA INVESTMENT ADVISORS INC
928633,VONTOBEL ASSET MANAGEMENT INC
929607,CONTINENTAL GRAIN CO
930441,QCI ASSET MANAGEMENT INC/NY
931097,CCM INVESTMENT ADVISERS LLC
931588,Provida Pension Fund Adminstrator
932000,TOEWS CORP /ADV
932024,SKBA CAPITAL MANAGEMENT LLC
932540,GROUP ONE TRADING  L.P.
932724,GABELLI & Co INVESTMENT ADVISERS  INC.
932859,Parametric Portfolio Associates LLC
932974,LORING WOLCOTT & COOLIDGE FIDUCIARY ADVISORS LLP/MA
933429,UMB BANK N A/MO
933482,DUBUQUE BANK & TRUST
934639,MAVERICK CAPITAL LTD
934745,WEATHERLY ASSET MANAGEMENT L. P.
934866,PEOPLES BANK /OH
934999,DF DENT & CO INC
935359,Matthew Goff Investment Advisor  LLC
936698,FRONT BARNETT ASSOCIATES LLC
936753,ARIEL INVESTMENTS  LLC
936936,DOHENY ASSET MANAGEMENT /CA
936941,MOODY ALDRICH PARTNERS LLC
936944,MARTINGALE ASSET MANAGEMENT L P
937394,HEARTLAND ADVISORS INC
937522,SCHWERIN BOYLE CAPITAL MANAGEMENT INC
937567,ONTARIO TEACHERS PENSION PLAN BOARD
937589,HERITAGE INVESTORS MANAGEMENT CORP
937615,NISA INVESTMENT ADVISORS  LLC
937729,Fayez Sarofim & Co
937760,SUMITOMO LIFE INSURANCE CO
937886,OBERWEIS ASSET MANAGEMENT INC/
938076,STATE BOARD OF ADMINISTRATION OF FLORIDA RETIREMENT SYSTEM
938077,DOLIVER ADVISORS  LP
938165,Ameritas Investment Company  LLC
938206,DRIEHAUS CAPITAL MANAGEMENT LLC
938487,SSI INVESTMENT MANAGEMENT LLC
938552,Equinox Partners Investment Management LLC
938582,YALE UNIVERSITY
938592,MOODY LYNN & LIEBERSON  LLC
938759,MONARCH CAPITAL MANAGEMENT INC/
939219,LEE DANNER & BASS INC
939334,RIT CAPITAL PARTNERS PLC
940445,BURNEY CO/
941519,STEPHENSON NATIONAL BANK & TRUST
941560,GARDNER LEWIS ASSET MANAGEMENT L P
942257,INTERNATIONAL BIOTECHNOLOGY TRUST PLC
943442,HUDSON VALLEY INVESTMENT ADVISORS INC /ADV
943712,WASHINGTON STATE INVESTMENT BOARD
943719,AMERICAN FINANCIAL GROUP INC 401(K) RETIREMENT & SAVINGS PLAN
944234,RENAISSANCE GROUP LLC
944317,SMITH SHELLNUT WILSON LLC /ADV
944361,CLIFTONLARSONALLEN WEALTH ADVISORS  LLC
944388,1832 Asset Management L.P.
944733,HUTNER CAPITAL MANAGEMENT INC
944804,RE ADVISERS CORP
945625,HARTLINE INVESTMENT CORP/
945631,EAGLE CAPITAL MANAGEMENT LLC
947263,TORONTO DOMINION BANK
947517,PACIFIC SUN FINANCIAL CORP
947822,FEINBERG STEPHEN
947996,Olstein Capital Management  L.P.
948046,DEUTSCHE BANK AG\
948518,Dai-ichi Life Holdings  Inc.
948669,PARNASSUS INVESTMENTS /CA
949012,BERKSHIRE ASSET MANAGEMENT LLC/PA
949509,OAKTREE CAPITAL MANAGEMENT LP
949615,KAYNE ANDERSON CAPITAL ADVISORS LP
949623,FINANCIAL COUNSELORS INC
949853,P.A.W. CAPITAL CORP
1000097,KINGDON CAPITAL MANAGEMENT  L.L.C.
1000275,ROYAL BANK OF CANADA
1000490,GIRARD PARTNERS LTD.
1000742,SANDLER CAPITAL MANAGEMENT
1001085,BROOKFIELD ASSET MANAGEMENT INC.
1002152,COMPASS CAPITAL MANAGEMENT  INC
1002672,Bell Bank
1002784,SHELTON CAPITAL MANAGEMENT
1002912,SHINE INVESTMENT ADVISORY SERVICES INC
1004140,PENNSYLVANIA CAPITAL MANAGEMENT INC /ADV
1004244,NEW ENGLAND ASSET MANAGEMENT INC
1005354,VIRGINIA RETIREMENT SYSTEMS ET AL
1005441,HONKAMP KRUEGER FINANCIAL SERVICES  INC.
1005607,OSBORNE PARTNERS CAPITAL MANAGEMENT  LLC
1005817,TOMPKINS FINANCIAL CORP
1006364,Hardman Johnston Global Advisors LLC
1006378,SEGALL BRYANT & HAMILL  LLC
1006407,FISHMAN JAY A LTD/MI
1006435,PIONEER TRUST BANK N A/OR
1007280,PUBLIC EMPLOYEES RETIREMENT SYSTEM OF OHIO
1007295,BRIDGES INVESTMENT MANAGEMENT INC
1007399,WILBANKS SMITH & THOMAS ASSET MANAGEMENT LLC
1007524,OSTERWEIS CAPITAL MANAGEMENT INC
1008322,THOMPSON SIEGEL & WALMSLEY LLC
1008868,MARTIN & CO INC /TN/
1008877,WOODSTOCK CORP
1008894,DEPRINCE RACE & ZOLLO INC
1008895,SCHMIDT P J INVESTMENT MANAGEMENT INC
1008929,PRIO WEALTH LIMITED PARTNERSHIP
1008937,TRUST CO OF TOLEDO NA /OH/
1009003,EXCALIBUR MANAGEMENT CORP
1009005,SHAKER INVESTMENTS LLC/OH
1009006,PALISADE CAPITAL MANAGEMENT LLC/NJ
1009012,ZAZOVE ASSOCIATES LLC
1009016,FORT WASHINGTON INVESTMENT ADVISORS INC /OH/
1009022,INVESTMENT MANAGEMENT OF VIRGINIA LLC
1009027,CUTLER OIL & GAS CORP/IL
1009076,COMMERCE BANK
1009198,STERLING INVESTMENT ADVISORS LLC /ADV
1009207,D. E. Shaw & Co.  Inc.
1009209,Sand Hill Global Advisors  LLC
1009232,GENEVA CAPITAL MANAGEMENT LLC
1009254,EVERETT HARRIS & CO /CA/
1009258,DEERFIELD MANAGEMENT COMPANY  L.P. (SERIES C)
1009262,LATEEF INVESTMENT MANAGEMENT  L.P.
1009950,FCG ADVISORS  LLC
1010873,FRANKLIN STREET ADVISORS INC /NC
1010911,S&T Bank
1011443,HBK INVESTMENTS L P
1011659,MUFG Americas Holdings Corp
1012622,ORACLE INVESTMENT MANAGEMENT INC
1013162,GANTZERT INVESTMENT CO LLC /ADV
1013234,ORLEANS CAPITAL MANAGEMENT CORP/LA
1013536,AJO  LP
1013538,EDGAR LOMAX CO/VA
1013701,LAWSON KROEKER INVESTMENT MANAGEMENT INC/NE
1014306,DIXON HUBARD FEINOUR & BROWN INC/VA
1014315,CORTLAND ASSOCIATES INC/MO
1014736,FIRST QUADRANT L P/CA
1014738,MASTRAPASQUA ASSET MANAGEMENT INC
1014894,Brahman Capital Corp.
1015079,BRANDES INVESTMENT PARTNERS  LP
1015083,EMERALD ADVISERS  LLC
1015086,BRADLEY FOSTER & SARGENT INC/CT
1015247,COURIER CAPITAL LLC
1015308,WEDGE CAPITAL MANAGEMENT L L P/NC
1016021,EDMP  INC.
1016150,MORGENS WATERFALL VINTIADIS & CO INC
1016287,MATRIX ASSET ADVISORS INC/NY
1016683,CABOT WEALTH MANAGEMENT INC
1016972,ARCADIA INVESTMENT MANAGEMENT CORP/MI
1017115,ROBERTS GLORE & CO INC /IL/
1017645,GENERAL ATLANTIC LLC
1017918,BAMCO INC /NY/
1018331,NATIXIS ADVISORS  L.P.
1018561,ACORN FINANCIAL ADVISORY SERVICES INC /ADV
1018674,PARSONS CAPITAL MANAGEMENT INC/RI
1018825,IBM Retirement Fund
1019231,UNIVERSITY OF TEXAS/TEXAS AM INVESTMENT MANAGMENT CO
1019531,SWARTHMORE GROUP INC
1019754,SMITHFIELD TRUST CO
1020066,SANDS CAPITAL MANAGEMENT  LLC
1020317,Pekin Hardy Strauss  Inc.
1020455,RHO CAPITAL PARTNERS INC
1020580,KEATING INVESTMENT COUNSELORS INC
1020585,DUNCKER STREETT & CO INC
1020617,ROOSEVELT INVESTMENT GROUP INC
1020918,ROTHSCHILD INVESTMENT CORP /IL
1021008,Sadoff Investment Management LLC
1021117,D L CARLSON INVESTMENT GROUP INC
1021223,KAYNE ANDERSON RUDNICK INVESTMENT MANAGEMENT LLC
1021249,UNITED SERVICES AUTOMOBILE ASSOCIATION
1021258,BALDWIN BROTHERS INC/MA
1021296,BROOKTREE CAPITAL MANAGEMENT
1021642,VAUGHAN NELSON INVESTMENT MANAGEMENT  L.P.
1021926,CIBC Asset Management Inc
1021944,Temasek Holdings (Private) Ltd
1022314,FORTE CAPITAL LLC /ADV
1022837,SUMITOMO MITSUI FINANCIAL GROUP  INC.
1023279,BESSEMER SECURITIES LLC
1024716,Skyline Asset Management LP
1025421,MEMBERS CAPITAL ADVISORS INC
1025835,ENTERPRISE FINANCIAL SERVICES CORP
1026013,KOONCE CALVIN SCOTT
1026081,SEIDMAN LAWRENCE B
1026200,PRIVATE ASSET MANAGEMENT INC
1026710,GRANAHAN INVESTMENT MANAGEMENT INC/MA
1026720,WELLCOME TRUST LTD (THE) as trustee of the WELLCOME TRUST
1027451,TIGER MANAGEMENT L.L.C.
1027796,PZENA INVESTMENT MANAGEMENT LLC
1027817,ATLANTA CAPITAL MANAGEMENT CO L L C
1028074,MATTHEWS INTERNATIONAL CAPITAL MANAGEMENT LLC
1028874,ROOF EIDAM & MAYCOCK/ADV
1029160,SOROS FUND MANAGEMENT LLC
1029311,BANC FUNDS CO LLC
1030618,CYPRESS ASSET MANAGEMENT INC/TX
1030818,OAK MANAGEMENT CORP
1031972,ACADEMY CAPITAL MANAGEMENT INC/TX
1032165,FRAZIER MANAGEMENT LLC
1032814,CHECK CAPITAL MANAGEMENT INC/CA
1033225,MCDONALD CAPITAL INVESTORS INC/CA
1033324,FUKOKU MUTUAL LIFE INSURANCE Co
1033427,IRIDIAN ASSET MANAGEMENT LLC/CT
1033475,AVENIR CORP
1033505,COBBLESTONE CAPITAL ADVISORS LLC /NY/
1033974,SCHAPER BENZ & WISE INVESTMENT COUNSEL INC/WI
1033984,CBRE CLARION SECURITIES LLC
1034184,FARR MILLER & WASHINGTON LLC/DC
1034196,ADVENT INTERNATIONAL CORP/MA
1034369,CAPRIN ASSET MANAGEMENT LLC /ADV
1034524,POLEN CAPITAL MANAGEMENT LLC
1034541,TIMUCUAN ASSET MANAGEMENT INC/FL
1034546,CITY OF LONDON INVESTMENT MANAGEMENT CO LTD
1034549,PARADIGM ASSET MANAGEMENT CO LLC
1034550,ARMSTRONG SHAW ASSOCIATES INC/CT
1034642,CLIFFORD SWAN INVESTMENT COUNSEL LLC
1034771,INTRUST BANK NA
1034886,PITTENGER & ANDERSON INC
1035350,Securian Asset Management  Inc
1035463,CHARTER TRUST CO
1035674,PAULSON & CO. INC.
1035912,EADS & HEALD WEALTH MANAGEMENT
1036248,QUEST INVESTMENT MANAGEMENT LLC
1036288,HILLMAN CO
1036325,DAVIS SELECTED ADVISERS
1037353,PATHWAY CAPITAL MANAGEMENT  LP
1037389,RENAISSANCE TECHNOLOGIES LLC
1037558,FOSTER DYKEMA CABOT & CO INC/MA
1037763,OPTIMUM INVESTMENT ADVISORS
1037766,CALEDONIA INVESTMENTS PLC
1037792,PARADIGM CAPITAL MANAGEMENT INC/NY
1038661,ABNER HERRMAN & BROCK LLC
1039565,KAHN BROTHERS GROUP INC /DE/
1039765,ING GROEP NV
1039807,BOSTON FAMILY OFFICE LLC
1040188,VICTORY CAPITAL MANAGEMENT INC
1040190,Nippon Life Global Investors Americas  Inc.
1040197,MAI Capital Management
1040198,P SCHOENFELD ASSET MANAGEMENT LP
1040210,BARR E S & CO
1040273,Third Point LLC
1040508,Bain Capital Investors LLC
1040592,MARATHON ASSET MANAGEMENT LLP
1040762,MALTESE CAPITAL MANAGEMENT LLC
1041241,FSI GROUP  LLC
1041283,SPIRIT OF AMERICA MANAGEMENT CORP/NY
1041773,DIMENSION CAPITAL MANAGEMENT LLC
1041885,INGALLS & SNYDER LLC
1042046,AMERICAN FINANCIAL GROUP INC
1042063,WELCH CAPITAL PARTNERS LLC/NY
1044797,NEW SOUTH CAPITAL MANAGEMENT INC
1044905,PATTEN & PATTEN INC/TN
1044924,SAYBROOK CAPITAL /NC
1044929,ATWOOD & PALMER INC
1044936,Neumeier Poma Investment Counsel LLC
1046187,AEW CAPITAL MANAGEMENT L P
1046192,GREAT WEST LIFE ASSURANCE CO /CAN/
1047142,COMMUNITY TRUST & INVESTMENT CO
1047339,BURNS J W & CO INC/NY
1047859,PARAGON ASSOCIATES & PARAGON ASSOCIATES II JOINT VENTURE
1048445,ELLIOTT MANAGEMENT CORP
1048462,WEXFORD CAPITAL LP
1048703,Karpus Management  Inc.
1048921,MITCHELL SINKLER & STARR/PA
1049050,RAU JOHN
1049648,SALEM CAPITAL MANAGEMENT INC
1050068,INVESTMENT PARTNERS  LTD.
1050417,CONTRARIAN CAPITAL MANAGEMENT  L.L.C.
1050442,DISCIPLINED GROWTH INVESTORS INC /MN
1050463,MORGAN DEMPSEY CAPITAL MANAGEMENT LLC
1050464,PECONIC PARTNERS LLC
1050470,LSV ASSET MANAGEMENT
1050477,SNYDER CAPITAL MANAGEMENT L P
1050743,PEAPACK GLADSTONE FINANCIAL CORP
1051359,PAR CAPITAL MANAGEMENT INC
1052100,WADDELL & REED FINANCIAL INC
1052174,KDI CAPITAL PARTNERS LLC
1053013,AMARILLO NATIONAL BANK
1053054,LVM CAPITAL MANAGEMENT LTD/MI
1053055,BOSTON FINANCIAL MANGEMENT LLC
1053321,OMERS ADMINISTRATION Corp
1053906,Artal Group S.A.
1053914,PUZO MICHAEL J
1053994,SANDERS MORRIS HARRIS LLC
1054074,BESSEMER GROUP INC
1054257,ADIRONDACK TRUST CO
1054425,DILLON & ASSOCIATES INC
1054522,CenturyLink Investment Management Co
1054554,OAK RIDGE INVESTMENTS LLC
1054587,Sculptor Capital LP
1054646,CAPE COD FIVE CENTS SAVINGS BANK
1054677,ALBION FINANCIAL GROUP /UT
1055290,APPLETON PARTNERS INC/MA
1055544,JACOBS & CO/CA
1055951,ORBIMED ADVISORS LLC
1055963,Tufton Capital Management
1055964,NOMURA ASSET MANAGEMENT CO LTD
1055966,MARSICO CAPITAL MANAGEMENT LLC
1055980,Ameritas Investment Partners  Inc.
1056053,TD ASSET MANAGEMENT INC
1056288,FEDERATED HERMES  INC.
1056466,CLARK ESTATES INC/NY
1056488,GARRISON BRADFORD & ASSOCIATES INC
1056491,FIR TREE CAPITAL MANAGEMENT LP
1056515,MURPHY CAPITAL MANAGEMENT INC
1056516,Palouse Capital Management  Inc.
1056527,CIBC WORLD MARKETS CORP
1056549,FAIRVIEW CAPITAL INVESTMENT MANAGEMENT  LLC
1056559,NORTH STAR ASSET MANAGEMENT INC
1056581,GENDELL JEFFREY L
1056593,Schafer Cullen Capital Management Inc
1056807,BVF INC/IL
1056821,BENNICAS & ASSOCIATES  INC.
1056823,HORIZON KINETICS ASSET MANAGEMENT LLC
1056825,EVERENCE CAPITAL MANAGEMENT INC
1056827,ARMSTRONG HENRY H ASSOCIATES INC
1056831,FAIRHOLME CAPITAL MANAGEMENT LLC
1056859,CHILTON CAPITAL MANAGEMENT LLC
1056907,GENRE PARTNERS L P
1056943,PEOPLES FINANCIAL SERVICES CORP.
1056958,SYMONS CAPITAL MANAGEMENT INC
1056973,CARLSON CAPITAL L P
1057395,M&R CAPITAL MANAGEMENT INC
1057439,THB ASSET MANAGEMENT
1058022,SHIKIAR ASSET MANAGEMENT INC
1058231,LINCLUDEN MANAGEMENT LTD
1058470,ICON ADVISERS INC/CO
1058800,BEACH INVESTMENT COUNSEL INC/PA
1058854,CANNELL CAPITAL LLC
1059057,FINANCIAL ADVISORY CORP /UT/ /ADV
1059187,TWIN CAPITAL MANAGEMENT INC
1059543,SALZHAUER MICHAEL
1061165,LONE PINE CAPITAL LLC
1061186,WCM INVESTMENT MANAGEMENT  LLC
1061768,BAUPOST GROUP LLC/MA
1062938,CORNERCAP INVESTMENT COUNSEL INC
1063296,ATLANTIC INVESTMENT MANAGEMENT  INC.
1063497,Pembroke Management  LTD
1063571,VAUGHAN DAVID INVESTMENTS LLC/IL
1065349,CAPITAL INTERNATIONAL SARL
1065350,CAPITAL INTERNATIONAL LTD
1065521,SOFTBANK GROUP CORP
1066816,EVERMAY WEALTH MANAGEMENT LLC
1067324,MOUNTAIN PACIFIC INVESTMENT ADVISERS INC/ID
1067532,FORBES J M & CO LLP
1067926,Adelante Capital Management LLC
1067983,Berkshire Hathaway Inc
1068804,TOTAL INVESTMENT MANAGEMENT INC
1068837,Voya Investment Management LLC
1068855,Asset Management One Co. Ltd.
1070134,MAIRS & POWER INC
1070304,ORIX Corporation
1071483,TODD ASSET MANAGEMENT LLC
1071640,PARK AVENUE SECURITIES LLC
1072843,First Fiduciary Investment Counsel  Inc.
1074027,BAINCO INTERNATIONAL INVESTORS
1074034,CANYON CAPITAL ADVISORS LLC
1074272,CAMBRIDGE TRUST CO
1074273,CAPITAL MANAGEMENT CORP /VA
1074902,LCNB CORP
1075444,Advanced Asset Management Advisors Inc
1076598,EATON VANCE MANAGEMENT
1076809,GLAZER CAPITAL  LLC
1076964,Provident Investment Management  Inc.
1077148,OAKWOOD CAPITAL MANAGEMENT LLC/CA
1077428,TEXAS CAPITAL BANCSHARES INC/TX
1077583,BOWEN HANES & CO INC
1078013,GREAT LAKES ADVISORS  LLC
1078246,HUTCHINSON CAPITAL MANAGEMENT/CA
1078635,WINDWARD CAPITAL MANAGEMENT CO /CA
1078658,HOWARD CAPITAL MANAGEMENT
1078841,BRUNI J V & CO /CO
1079112,HOWLAND CAPITAL MANAGEMENT LLC
1079114,GREENLIGHT CAPITAL INC
1079563,HIGHFIELDS CAPITAL MANAGEMENT LP
1079736,WASHINGTON TRUST Co
1079738,BIRINYI ASSOCIATES INC
1079930,MCMILLION CAPITAL MANAGEMENT INC
1079935,SIGNATURE ESTATE & INVESTMENT ADVISORS LLC
1080071,COMPTON CAPITAL MANAGEMENT INC /RI
1080107,D.A. DAVIDSON & CO.
1080117,HEITMAN REAL ESTATE SECURITIES LLC
1080132,Peloton Wealth Strategists
1080166,AR ASSET MANAGEMENT INC
1080171,ARISTEIA CAPITAL LLC
1080173,VAN STRUM & TOWNE INC.
1080197,SCHULHOFF & CO INC
1080201,VALICENTI ADVISORY SERVICES INC
1080298,REINHART PARTNERS  INC.
1080351,MITCHELL CAPITAL MANAGEMENT CO
1080369,GW HENSSLER & ASSOCIATES LTD
1080374,JAG CAPITAL MANAGEMENT  LLC
1080380,PROSPECTOR PARTNERS LLC
1080381,CADENCE BANK NA
1080382,EUBEL BRADY & SUTTMAN ASSET MANAGEMENT INC
1080383,CARDINAL CAPITAL MANAGEMENT LLC /CT
1080493,MARCO INVESTMENT MANAGEMENT LLC
1080523,Selway Asset Management
1080628,COLONY GROUP LLC
1081019,CALIFORNIA STATE TEACHERS RETIREMENT SYSTEM
1081198,CYPRESS FUNDS LLC
1081407,GABELLI FUNDS LLC
1081668,PORTLAND INVESTMENT COUNSEL INC.
1082215,NORTHEAST INVESTMENT MANAGEMENT
1082327,FULLER & THALER ASSET MANAGEMENT  INC.
1082339,COLDSTREAM CAPITAL MANAGEMENT INC
1082461,S&CO INC
1082491,CONDOR CAPITAL MANAGEMENT
1082509,SMITH CHAS P & ASSOCIATES PA CPAS
1082621,HARVARD MANAGEMENT CO INC
1082917,GW&K Investment Management  LLC
1083190,COMMONWEALTH OF PENNSYLVANIA PUBLIC SCHOOL EMPLS RETRMT SYS
1083323,TRUST CO OF OKLAHOMA
1083340,GAMBLE JONES INVESTMENT COUNSEL
1084207,HENDLEY & CO INC
1084208,RAYMOND JAMES & ASSOCIATES
1084580,Jefferies Group LLC
1084683,GREENWOOD GEARHART INC
1085041,FIRST NATIONAL BANK SIOUX FALLS
1085163,SIGMA INVESTMENT COUNSELORS INC
1085227,JLB & ASSOCIATES INC
1085393,BASSWOOD CAPITAL MANAGEMENT  L.L.C.
1085550,SCF Partners  Inc.
1085601,LASALLE INVESTMENT MANAGEMENT SECURITIES LLC
1085867,BRAVE ASSET MANAGEMENT INC
1085936,SYSTEMATIC FINANCIAL MANAGEMENT LP
1086416,SCOGGIN MANAGEMENT LP
1086477,LONGVIEW ASSET MANAGEMENT  LLC
1086483,ZACKS INVESTMENT MANAGEMENT
1086611,DERBY & COMPANY  INC
1086619,SCHRODER INVESTMENT MANAGEMENT GROUP
1086762,COBALT CAPITAL MANAGEMENT  INC.
1086763,FIRST FOUNDATION ADVISORS
1087912,VANTAGEPOINT INVESTMENT ADVISERS LLC
1088731,BOURGEON CAPITAL MANAGEMENT LLC
1088859,PARTHENON LLC
1088875,BAILLIE GIFFORD & CO
1088950,RAYMOND JAMES TRUST N.A.
1089212,BUCKINGHAM CAPITAL MANAGEMENT INC
1089710,ROANOKE ASSET MANAGEMENT CORP/ NY
1089755,SOUTHERNSUN ASSET MANAGEMENT  LLC
1089877,KEYBANK NATIONAL ASSOCIATION/OH
1089911,PILLAR PACIFIC CAPITAL MANAGEMENT LLC
1089991,MARKSTON INTERNATIONAL LLC
1090413,HighTower Trust Services  LTA
1091370,THOROUGHBRED FINANCIAL SERVICES  LLC
1091561,Smith Asset Management Group LP
1091860,C M BIDWELL & ASSOCIATES LTD
1091923,PENINSULA ASSET MANAGEMENT INC
1091961,GOULD ASSET MANAGEMENT LLC /CA/
1092203,FIRST CITIZENS BANK & TRUST CO
1092290,NORRIS PERNE & FRENCH LLP/MI
1092351,THOMAS WHITE INTERNATIONAL LTD
1092838,INTREPID CAPITAL MANAGEMENT INC
1092903,MOODY NATIONAL BANK TRUST DIVISION
1093219,FORMULA GROWTH LTD
1093276,NOTTINGHAM ADVISORS  INC.
1093589,ALTA CAPITAL MANAGEMENT LLC/
1094499,MARTIN CURRIE LTD
1094584,PIN OAK INVESTMENT ADVISORS INC
1094749,CHURCHILL MANAGEMENT Corp
1095836,CAPITAL CITY TRUST CO/FL
1095952,BROADMARK ASSET MANAGEMENT LLC
1096343,MARKEL CORP
1096783,BAXTER BROS INC
1096978,MARINER INVESTMENT GROUP LLC
1097218,Nationwide Fund Advisors
1097278,ADVENT CAPITAL MANAGEMENT /DE/
1097362,Sun Life Financial INC
1097833,OPUS INVESTMENT MANAGEMENT INC
1098490,ELLINGTON MANAGEMENT GROUP LLC
1099281,THIRD AVENUE MANAGEMENT LLC
1099762,MARINO  STRAM & ASSOCIATES LLC
1100710,HARBOR ADVISORY CORP /MA/
1101250,BURKE & HERBERT BANK & TRUST CO
1102256,OLD POINT TRUST & FINANCIAL SERVICES N A
1102578,EARNEST PARTNERS LLC
1102598,AMUNDI PIONEER ASSET MANAGEMENT INC
1103139,ADVENTIST HEALTH SYSTEM SUNBELT HEALTHCARE CORP
1103245,SMITHBRIDGE ASSET MANAGEMENT INC/DE
1103646,CSS LLC/IL
1103653,MASSMUTUAL TRUST CO FSB/ADV
1103738,Gruss & Co.  LLC
1103804,VIKING GLOBAL INVESTORS LP
1103882,Paloma Partners Management Co
1103887,NWI MANAGEMENT LP
1104186,MASTERS CAPITAL MANAGEMENT LLC
1104329,CROSSLINK CAPITAL INC
1104366,MCDANIEL TERRY & CO
1104883,SIRIOS CAPITAL MANAGEMENT L P
1105087,STADIUM CAPITAL MANAGEMENT LLC
1105344,NORTH POINT PORTFOLIO MANAGERS CORP/OH
1105410,BREITER CAPITAL MANAGEMENT INC
1105467,SAWGRASS ASSET MANAGEMENT LLC
1105471,BONNESS ENTERPRISES INC
1105497,MSD CAPITAL L P
1105837,WEBSTER BANK  N. A.
1105838,ROBOTTI ROBERT
1105907,BARD ASSOCIATES INC
1105909,SECURITY NATIONAL BANK OF SO DAK
1106129,JENSEN INVESTMENT MANAGEMENT INC
1106191,GMT CAPITAL CORP
1106500,JOHO CAPITAL LLC
1106505,NORTHSTAR INVESTMENT ADVISORS LLC
1106565,STALEY CAPITAL ADVISERS INC
1106832,CASTLEARK MANAGEMENT LLC
1107075,ASSET MANAGEMENT CORP /IL/ /ADV
1107211,NEW GENERATION ADVISORS  LLC
1107261,BRIDGEWAY CAPITAL MANAGEMENT INC
1107310,EMINENCE CAPITAL  LP
1107314,OREGON PUBLIC EMPLOYEES RETIREMENT FUND
1107576,Beacon Wealthcare  Inc
1108524,SALESFORCE.COM  INC
1108829,EQUITEC SPECIALISTS  LLC
1108831,STONERIDGE INVESTMENT PARTNERS LLC
1108893,PENN DAVIS MCFARLAND INC
1108965,LYNCH & ASSOCIATES/IN
1108969,CHATHAM CAPITAL GROUP  INC.
1109147,AXIOM INTERNATIONAL INVESTORS LLC /DE
1109228,KCM INVESTMENT ADVISORS LLC
1109448,ALLIANCEBERNSTEIN L.P.
1109767,NATIONS FINANCIAL GROUP INC  /IA/ /ADV
1110806,PHILADELPHIA TRUST CO
1112325,RIVERBRIDGE PARTNERS LLC
1112520,AKRE CAPITAL MANAGEMENT LLC
1113000,KENSICO CAPITAL MANAGEMENT CORP
1113629,VILLERE ST DENIS J & CO LLC
1114039,BAR HARBOR TRUST SERVICES
1114618,GATEWAY INVESTMENT ADVISERS LLC
1114702,MARIETTA INVESTMENT PARTNERS LLC
1114739,SENTINEL TRUST CO LBA
1114928,CAPITAL COUNSEL LLC/NY
1115055,PINNACLE FINANCIAL PARTNERS INC
1115373,SEMPER AUGUSTUS INVESTMENTS GROUP LLC
1115418,RHUMBLINE ADVISERS
1115419,AMG Funds LLC
1115941,TDAM USA INC.
1116247,FAIRFIELD  BUSH & CO.
1119032,HARVEY CAPITAL MANAGEMENT INC
1119191,Goodwin Daniel L
1119254,FULTON BREAKEFIELD BROENNIMAN LLC
1119376,COURAGE CAPITAL MANAGEMENT LLC
1120048,STEGINSKY CAPITAL LLC
1120926,ARGENT CAPITAL MANAGEMENT LLC
1120927,MONETA GROUP INVESTMENT ADVISORS LLC
1121330,LOGAN CAPITAL MANAGEMENT INC
1121477,BOYD WATTERSON ASSET MANAGEMENT LLC/OH
1121908,INDEPENDENT INVESTORS INC
1122241,AMI INVESTMENT MANAGEMENT INC
1122490,HALL CAPITAL MANAGEMENT CO INC
1123274,Pictet & Cie (Europe) SA
1123320,Family Capital Trust Co
1123778,Jarislowsky  Fraser Ltd
1123803,BRANDYWINE TRUST CO
1123812,PROFFITT & GOODSON INC
1124841,LATHROP INVESTMENT MANAGEMENT CORP
1125243,WEDGEWOOD INVESTORS INC /PA/
1125725,GAGNON SECURITIES LLC
1125727,FIRST INTERSTATE BANK
1125816,FIRST TRUST ADVISORS LP
1126328,PRINCIPAL FINANCIAL GROUP INC
1126395,EASTERN BANK
1126735,MOGY JOEL R INVESTMENT COUNSEL INC
1127544,KARPAS STRATEGIES  LLC
1127612,MAINSTAY CAPITAL MANAGEMENT LLC /ADV
1127761,IRONWOOD INVESTMENT MANAGEMENT LLC
1127799,Zurich Insurance Group Ltd/FI
1128074,HANSEATIC MANAGEMENT SERVICES INC
1128213,PETTYJOHN  WOOD & WHITE  INC
1128239,RUTABAGA CAPITAL MANAGEMENT LLC/MA
1128251,DUPONT CAPITAL MANAGEMENT CORP
1128286,BOURNE LENT ASSET MANAGEMENT INC
1129770,CHARTIST INC /CA/
1129919,PROFUND ADVISORS LLC
1130337,BALCH HILL CAPITAL LLC
1130787,EAGLE GLOBAL ADVISORS LLC
1131181,AMUSSEN HUNSAKER ASSOCIATES LLC
1131667,BOGLE INVESTMENT MANAGEMENT L P /DE/
1132236,RIVERSTONE GROUP  LLC
1132556,WADE G W & INC
1132597,Itau Unibanco Holding S.A.
1132699,VESTOR CAPITAL  LLC
1132708,NORTHSTAR ASSET MANAGEMENT LLC
1132716,UBS OCONNOR LLC
1132897,RAMSEY QUANTITATIVE SYSTEMS
1133014,MONETARY MANAGEMENT GROUP INC
1133119,DAVIDSON TRUST CO
1133197,DOWLING & YAHNKE LLC
1133219,MUHLENKAMP & CO INC
1133385,OLD DOMINION CAPITAL MANAGEMENT INC
1133521,STEELHEAD PARTNERS LLC
1133639,NEW YORK LIFE INVESTMENT MANAGEMENT LLC
1133653,WOODMONT INVESTMENT COUNSEL LLC
1133742,BERKSHIRE CAPITAL HOLDINGS INC
1133939,MEDIATEL PARTNERS
1133999,BUCKHEAD CAPITAL MANAGEMENT LLC
1134007,NEXT CENTURY GROWTH INVESTORS LLC
1134008,TRUST CO OF VERMONT
1134152,ADELL HARRIMAN & CARPENTER INC
1134283,SEIZERT CAPITAL PARTNERS  LLC
1134288,DE BURLO GROUP INC
1134621,RBF Capital  LLC
1134687,PRENTISS SMITH & CO INC
1134813,STEVENS CAPITAL MANAGEMENT LP
1135077,HYMAN CHARLES D
1135121,BRANDYWINE MANAGERS  LLC
1135439,TRUST CO OF VIRGINIA /VA
1135631,Precept Management LLC
1135730,COATUE MANAGEMENT LLC
1135778,MILLER VALUE PARTNERS  LLC
1136704,SECOND CURVE CAPITAL LLC
1137429,WHITE PINE CAPITAL LLC
1137774,PRUDENTIAL FINANCIAL INC
1137881,WHITTIER TRUST CO
1138486,NORTHERN OAK WEALTH MANAGEMENT INC
1138897,Western Asset Management Company  LLC
1138995,GLENVIEW CAPITAL MANAGEMENT  LLC
1138996,S. MUOIO & CO. LLC
1139986,WEBER ALAN W
1140022,AVIVA PLC
1140038,ALLIANZ INVESTMENT MANAGEMENT LLC
1140315,HARVEST MANAGEMENT LLC
1140334,PUTNAM FL INVESTMENT MANAGEMENT CO
1140436,PROVIDENT TRUST CO
1140468,CYPRESS CAPITAL MANAGEMENT LLC
1140474,Sandell Asset Management Corp.
1140771,DAVIDSON INVESTMENT ADVISORS
1141455,COOKSON PEIRCE & CO INC
1141781,NICHOLS & PRATT ADVISERS LLP /MA
1141802,NORTHWESTERN MUTUAL WEALTH MANAGEMENT CO
1142031,PRIVATE MANAGEMENT GROUP INC
1142062,VAN DEN BERG MANAGEMENT I  INC
1142433,MEAG MUNICH ERGO  Kapitalanlagegesellschaft mbH
1142495,WEDBUSH SECURITIES INC
1142941,DENALI ADVISORS LLC
1143261,EQUITEC PROPRIETARY MARKETS  LLC
1143565,RATIONAL ADVISORS LLC
1143892,NIEMANN CAPITAL MANAGEMENT INC
1144208,BLUEFIN CAPITAL MANAGEMENT  LLC
1144492,Meiji Yasuda Life Insurance Co
1145020,THORNBURG INVESTMENT MANAGEMENT INC
1145255,HENNESSY ADVISORS INC
1146089,BFT FINANCIAL GROUP  LLC
1156175,Bain Capital Public Equity Management  LLC
1157436,SHEETS SMITH WEALTH MANAGEMENT
1157519,OKABENA INVESTMENT SERVICES INC
1157765,AGF INVESTMENTS INC.
1158202,PENN CAPITAL MANAGEMENT CO INC
1158274,SECURITY NATIONAL TRUST CO
1158583,GREYLIN INVESTMENT MANGEMENT INC
1158970,SPINNAKER TRUST
1159159,JANA PARTNERS LLC
1159363,CAZ INVESTMENTS LP
1160099,MRJ CAPITAL INC
1161670,CULLINAN ASSOCIATES INC
1161722,HOLLENCREST CAPITAL MANAGEMENT
1161822,GREENWOOD CAPITAL ASSOCIATES LLC
1161927,SCOUT INVESTMENTS  INC.
1162170,GREENLEAF TRUST
1162777,Partners Value Investments LP
1162781,HARVEY INVESTMENT CO LLC
1162827,RBO & CO LLC
1162870,Warburg Pincus LLC
1163165,ConocoPhillips
1163648,CI INVESTMENTS INC.
1163653,NOMURA HOLDINGS INC
1163744,Conestoga Capital Advisors  LLC
1163902,FOSTER & MOTLEY INC
1164062,TEALWOOD ASSET MANAGEMENT INC
1164478,KANAWHA CAPITAL MANAGEMENT LLC
1164508,ARROWSTREET CAPITAL  LIMITED PARTNERSHIP
1164632,Chesley Taft & Associates LLC
1164688,OAK HILL ADVISORS LP
1164833,HOTCHKIS & WILEY CAPITAL MANAGEMENT LLC
1165002,WESTWOOD HOLDINGS GROUP INC.
1165248,ENDICOTT MANAGEMENT CO
1165408,ADAGE CAPITAL PARTNERS GP  L.L.C.
1165797,CAUSEWAY CAPITAL MANAGEMENT LLC
1165805,WOODLEY FARRA MANION PORTFOLIO MANAGEMENT INC
1165830,INCOME RESEARCH & MANAGEMENT
1166152,PRESCOTT GROUP CAPITAL MANAGEMENT  L.L.C.
1166308,GREEN SQUARE CAPITAL ADVISORS LLC
1166309,BRIDGER MANAGEMENT  LLC
1166340,QCM Cayman  Ltd.
1166402,FCA CORP /TX
1166559,Bill & Melinda Gates Foundation Trust
1166564,CYRUS CAPITAL PARTNERS  L.P.
1166573,TOWERVIEW LLC
1166588,BNP PARIBAS ARBITRAGE  SA
1166620,KLCM Advisors  Inc.
1166716,STRATEGY ASSET MANAGERS LLC
1166767,NATIXIS INVESTMENT MANAGERS INTERNATIONAL
1166850,HIGHLINE CAPITAL MANAGEMENT  L.P.
1166928,West Bancorporation  Inc.
1167026,PRINCETON CAPITAL MANAGEMENT LLC
1167212,NEEDHAM INVESTMENT MANAGEMENT LLC
1167376,Scepter Holdings  Inc.
1167388,ALTRINSIC GLOBAL ADVISORS LLC
1167456,CNH PARTNERS LLC
1167483,TIGER GLOBAL MANAGEMENT LLC
1167487,LONGFELLOW INVESTMENT MANAGEMENT CO LLC
1167557,AQR CAPITAL MANAGEMENT LLC
1167711,MASON STREET ADVISORS  LLC
1168889,CARDEROCK CAPITAL MANAGEMENT INC
1169069,VIKING FUND MANAGEMENT LLC
1169318,ALBERT D MASON INC
1169581,RAFFLES ASSOCIATES LP
1169883,STEINBERG ASSET MANAGEMENT LLC
1170152,LEUTHOLD GROUP  LLC
1171592,HAHN CAPITAL MANAGEMENT LLC
1172036,SONATA CAPITAL GROUP INC
1172779,DOCK STREET ASSET MANAGEMENT INC
1173460,DAIDO LIFE INSURANCE CO
1173889,SANDER CAPITAL ADVISORS INC
1174850,NICOLET BANKSHARES  INC.
1175399,Cadence Capital Management LLC
1175523,Leonard Green & Partners  L.P.
1175954,CENTRAL BANK & TRUST CO
1176347,TEXAS TREASURY SAFEKEEPING TRUST CO
1177018,REAL ESTATE MANAGEMENT SERVICES LLC
1177043,MENDON CAPITAL ADVISORS CORP
1177132,RMR Advisors LLC
1177206,LOS ANGELES CAPITAL MANAGEMENT & EQUITY RESEARCH INC
1177244,SHAPIRO CAPITAL MANAGEMENT LLC
1177719,WESTFIELD CAPITAL MANAGEMENT CO LP
1178579,TANG KEVIN C
1179232,FOUNDATION RESOURCE MANAGEMENT INC
1179392,TWO SIGMA INVESTMENTS  LP
1179475,HUSSMAN STRATEGIC ADVISORS  INC.
1179791,CIM INVESTMENT MANGEMENT INC
1180391,SMH CAPITAL ADVISORS INC
1181544,GARLAND CAPITAL MANAGEMENT INC
1184820,HOLDERNESS INVESTMENTS CO
1185072,Mount Lucas Management LP
1191672,CREDIT AGRICOLE S A
1193586,ADAMS STREET PARTNERS LLC
1197853,Francisco Partners Management  LP
1197921,KELLOGG W K FOUNDATION TRUST
1199406,RAYNOR GEOFFREY
1201001,HarbourVest Partners LLC
1202045,WL ROSS & CO LLC
1206792,DEARBORN PARTNERS LLC
1207017,LAZARD ASSET MANAGEMENT LLC
1209324,COUNTRY TRUST BANK
1211028,SHELL ASSET MANAGEMENT CO
1212897,NORTH RUN CAPITAL  LP
1213206,Marathon Capital Management
1214183,FIRST UNITED BANK TRUST/
1214639,DSM Capital Partners LLC
1214717,GEODE CAPITAL MANAGEMENT  LLC
1214816,KENT ZIEGLER
1214822,STEADFAST CAPITAL MANAGEMENT LP
1215208,SOMERVILLE KURT F
1215838,JUPITER ASSET MANAGEMENT LTD
1216093,COLRAIN CAPITAL LLC
1217541,DIAMOND HILL CAPITAL MANAGEMENT INC
1217758,REGENTATLANTIC CAPITAL LLC
1218199,KING STREET CAPITAL MANAGEMENT  L.P.
1218210,NORDEA INVESTMENT MANAGEMENT AB
1218254,BOYAR ASSET MANAGEMENT INC.
1218275,Radcliffe Capital Management  L.P.
1218583,SHEPHERD KAPLAN KROCHUK  LLC
1218663,OBERNDORF WILLIAM E
1218710,Balyasny Asset Management LLC
1218735,MASON CAPITAL MANAGEMENT LLC
1218749,ENDEAVOUR CAPITAL ADVISORS INC
1218761,SPF BEHEER BV
1218961,LUCERNE CAPITAL MANAGEMENT LP
1219037,JD CAPITAL MANAGEMENT LLC
1219314,TYNDALL CAPITAL PARTNERS L P
1219573,Singapore Technologies Telemedia Pte Ltd
1221362,Avalon Investment & Advisory
1222765,WATER ISLAND CAPITAL LLC
1222993,WATERS PARKERSON & CO.  LLC
1223779,TEXAS PERMANENT SCHOOL FUND
1224014,TOWLE & CO
1224324,GUARDIAN CAPITAL LP
1224890,CULBERTSON A N & CO INC
1224962,PERCEPTIVE ADVISORS LLC
1226886,ALPINE WOODS CAPITAL INVESTORS  LLC
1228242,BRITISH COLUMBIA INVESTMENT MANAGEMENT Corp
1228773,COLUMBUS CIRCLE INVESTORS
1230239,ALKEON CAPITAL MANAGEMENT LLC
1230765,RICE HALL JAMES & ASSOCIATES  LLC
1231756,GREAT HILL PARTNERS  L.P.
1232395,SILVERCREST ASSET MANAGEMENT GROUP LLC
1232621,TANG CAPITAL MANAGEMENT LLC
1234074,SPRUCEGROVE INVESTMENT MANAGEMENT LTD
1236615,STARR INTERNATIONAL CO INC
1238990,PUNCH & ASSOCIATES INVESTMENT MANAGEMENT  INC.
1242829,BASS SID R
1245862,OXFORD FINANCIAL GROUP LTD
1247497,RIVERSTONE HOLDINGS LLC
1250731,CHAI TRUST CO LLC
1251557,FALCON POINT CAPITAL  LLC
1251567,WYNNEFIELD CAPITAL INC
1252007,GRAYBILL BARTZ & ASSOC LTD
1253840,White Mountains Advisors LLC
1254890,TAIYO LIFE INSURANCE CO
1256071,PLATINUM INVESTMENT MANAGEMENT LTD
1257391,Whitebox Advisors LLC
1259261,BOSTON RESEARCH & MANAGEMENT INC
1259313,ARES MANAGEMENT LLC
1259664,FIRST MERCANTILE TRUST CO
1259671,WBH ADVISORY INC
1259887,LONDON CO OF VIRGINIA
1259927,LASRY MARC
1259969,FARMERS & MERCHANTS INVESTMENTS INC
1260468,BERNZOTT CAPITAL ADVISORS
1260824,EVERGREEN CAPITAL MANAGEMENT LLC
1260945,THOMAS H LEE PARTNERS LP
1262124,SNOW CAPITAL MANAGEMENT LP
1262677,NOESIS CAPITAL MANGEMENT CORP
1263048,MPM ASSET MANAGEMENT LLC
1263508,BAKER BROS. ADVISORS LP
1263548,WHITTIER TRUST CO OF NEVADA INC
1265131,Hilltop Holdings Inc.
1265376,GEORGE KAISER FAMILY FOUNDATION
1266014,WRAPMANAGER INC
1266227,STONEHILL CAPITAL MANAGEMENT LLC
1269094,FOLKETRYGDFONDET
1269119,OPPENHEIMER ASSET MANAGEMENT INC.
1269134,HORAN CAPITAL MANAGEMENT
1269786,OVERBROOK MANAGEMENT CORP
1269950,DELTEC ASSET MANAGEMENT LLC
1269978,ALESCO ADVISORS LLC
1270764,FIDUCIARY COUNSELLING INC
1271347,TIFF ADVISORY SERVICES INC
1272164,AMERICAN NATIONAL BANK
1272544,MONTGOMERY INVESTMENT MANAGEMENT INC
1273087,MILLENNIUM MANAGEMENT LLC
1274173,JANUS HENDERSON GROUP PLC
1274196,BEDRIJFSTAKPENSIOENFONDS VOOR DE MEDIA PNO
1274403,ARCH VENTURE CORP
1274413,Sectoral Asset Management Inc
1274981,NATIXIS
1275218,ALGERT GLOBAL LLC
1275228,SHENKMAN CAPITAL MANAGEMENT INC
1275880,HARBOUR INVESTMENT MANAGEMENT LLC
1275893,RAMIUS ADVISORS LLC
1276144,Clough Capital Partners L P
1276460,CHICKASAW CAPITAL MANAGEMENT LLC
1276470,CORSAIR CAPITAL MANAGEMENT  L.P.
1276525,DIKER MANAGEMENT LLC
1276673,BINGHAM OSBORN & SCARBOROUGH LLC
1276853,WILKINS INVESTMENT COUNSEL INC
1276918,ZEVENBERGEN CAPITAL INVESTMENTS LLC
1277158,GRAND JEAN CAPITAL MANAGEMENT INC
1277279,THOMPSON INVESTMENT MANAGEMENT  INC.
1277303,First National Trust Co
1277403,Hamlin Capital Management  LLC
1277557,PRIVATE TRUST CO NA
1277742,MHR FUND MANAGEMENT LLC
1277779,CONTINENTAL ADVISORS LLC
1278235,JET CAPITAL INVESTORS L P
1278249,TOWER BRIDGE ADVISORS
1278387,BROADWOOD CAPITAL INC
1278573,Destination Wealth Management
1278641,BEDDOW CAPITAL MANAGEMENT INC
1278678,DEROY & DEVEREAUX PRIVATE INVESTMENT COUNSEL INC
1278793,WEIK CAPITAL MANAGEMENT
1278951,GOLDENTREE ASSET MANAGEMENT LP
1278960,SILVERBACK ASSET MANAGEMENT LLC
1279030,BRANT POINT INVESTMENT MANAGEMENT LLC
1279150,SCOPIA CAPITAL MANAGEMENT LP
1279151,LUMINUS MANAGEMENT LLC
1279329,SHEN NEIL NANPENG
1279342,PERRITT CAPITAL MANAGEMENT INC
1279396,Linden Advisors LP
1279627,WETHERBY ASSET MANAGEMENT INC
1279708,MENLO ADVISORS LLC
1279885,CINCINNATI INSURANCE CO
1279886,CINCINNATI INDEMNITY CO
1279888,CINCINNATI CASUALTY CO
1279891,WOLVERINE ASSET MANAGEMENT LLC
1279913,MARATHON ASSET MANAGEMENT LP
1279915,SCHOONER CAPITAL CORP
1279926,PACIFIC FINANCIAL GROUP INC
1279936,Cantillon Capital Management LLC
1280043,SUMMITRY LLC
1280051,HIGH POINTE CAPITAL MANAGEMENT LLC
1280200,HAVENS ADVISORS LLC
1280217,RR PARTNERS LP
1280493,SUN VALLEY GOLD LLC
1280511,QUANTUM CAPITAL MANAGEMENT
1280577,LUCAS CAPITAL MANAGEMENT
1280604,WEYBOSSET RESEARCH & MANAGEMENT LLC
1280965,TORTOISE CAPITAL ADVISORS  L.L.C.
1281084,Monarch Alternative Capital LP
1281446,GREAT POINT PARTNERS LLC
1281761,REGIONS FINANCIAL CORP
1282189,VALUEWORKS LLC
1282197,BLACK DIAMOND CAPITAL MANAGEMENT  L.L.C.
1283072,GUGGENHEIM CAPITAL LLC
1283718,CANADA PENSION PLAN INVESTMENT BOARD
1284208,NTV Asset Management LLC
1284812,COHEN & STEERS  INC.
1285973,CUTLER INVESTMENT COUNSEL LLC
1286295,Profit Investment Management  LLC
1286478,UNITED BANK
1286534,WINSLOW ASSET MANAGEMENT INC
1287618,DUMONT & BLAKE INVESTMENT ADVISORS LLC
1287978,BASSO CAPITAL MANAGEMENT  L.P.
1290162,QVT Financial LP
1290668,Sustainable Growth Advisers  LP
1291274,PICTET ASSET MANAGEMENT LTD
1291422,FIRST AMERICAN BANK
1291424,American Trust Investment Advisors  LLC
1294571,Millburn Ridgefield Corp
1295044,Strategic Point Investment Advisors  LLC
1297376,Advisors Asset Management  Inc.
1297496,LETKO  BROSSEAU & ASSOCIATES INC
1297731,Pensionfund DSM Netherlands
1298088,CIBC Private Wealth Group  LLC
1299351,Madison Asset Management  LLC
1299434,DSC Advisors  L.P.
1299582,Country Club Trust Company  n.a.
1299910,Skylands Capital  LLC
1299939,BancorpSouth Bank
1300311,Veritable  L.P.
1300336,Tekla Capital Management LLC
1300714,Anchorage Capital Group  L.L.C.
1300979,Genesis Investment Management  LLP
1301050,Shannon River Fund Management LLC
1301396,Context Capital Management  LLC
1301540,Rock Point Advisors  LLC
1301743,CoreCommodity Management  LLC
1301912,Strategic Value Partners  LLC
1302404,Channing Capital Management  LLC
1302720,Truehand  Inc
1302739,Covenant Partners  LLC
1302842,Merk Investments LLC
1303042,AVANTAX ADVISORY SERVICES  INC.
1303159,SCS Capital Management LLC
1304096,Greywolf Capital Management LP
1304229,SeaBridge Investment Advisors LLC
1304857,MMCAP International Inc. SPC
1305473,Insight Holdings Group  LLC
1305707,ProVise Management Group  LLC
1305841,Epoch Investment Partners  Inc.
1306333,MOTCO
1306923,Palo Alto Investors LP
1307617,Ziegler Capital Management  LLC
1307877,Trellus Management Company  LLC
1307878,Laffer Tengler Investments
1308001,Tygh Capital Management  Inc.
1308016,GRANDFIELD & DODD  LLC
1308377,Lafayette Investments  Inc.
1308527,Douglass Winthrop Advisors  LLC
1308555,Mountain Lake Investment Management LLC
1308668,GuideStone Capital Management  LLC
1308685,Stack Financial Management  Inc
1308757,BALASA DINVERNO & FOLTZ LLC
1308778,America First Investment Advisors  LLC
1309148,Hills Bank & Trust Co
1309469,BAIN CAPITAL VENTURE INVESTORS  LLC
1310051,Pier Capital  LLC
1310658,Ledyard National Bank
1310929,Willis Investment Counsel
1312908,Gates Capital Management  Inc.
1312988,Berkshire Partners LLC
1313294,Linscomb & Williams  Inc.
1313360,SG Americas Securities  LLC
1313473,Canal Insurance CO
1313559,Yorktown Management & Research Co Inc
1313756,Owl Creek Asset Management  L.P.
1313792,Edgemoor Investment Advisors  Inc.
1313816,TimesSquare Capital Management  LLC
1313893,Maple Capital Management  Inc.
1313978,PERMIT CAPITAL  LLC
1314273,Avalon Global Asset Management LLC
1314376,Broderick Brian C
1314377,Kidder Stephen W
1314404,JMG Financial Group  Ltd.
1314440,Stephens Investment Management Group LLC
1314620,Hillman Capital Management  Inc.
1315059,Suncoast Equity Management
1315269,Scott & Selber  Inc.
1315281,A.R.T. Advisors  LLC
1315339,FIRST FINANCIAL BANK - TRUST DIVISION
1315421,Graham Capital Management  L.P.
1315478,Champlain Investment Partners  LLC
1315765,CEDAR ROCK CAPITAL LTD
1315785,Essex Financial Services  Inc.
1315828,Board of Trustees of The Leland Stanford Junior University
1315868,Burgundy Asset Management Ltd.
1316397,Aurora Investment Counsel
1316507,CALAMOS ADVISORS LLC
1316550,Forest Hill Capital  LLC
1316580,Luxor Capital Group  LP
1316617,Saturna Capital CORP
1316622,REDWOOD CAPITAL MANAGEMENT  LLC
1316729,Osmium Partners  LLC
1316915,Zebra Capital Management LLC
1316926,Polaris Capital Management  LLC
1317195,Empyrean Capital Partners  LP
1317208,TSP Capital Management Group  LLC
1317209,TAURUS ASSET MANAGEMENT  LLC
1317253,Minneapolis Portfolio Management Group  LLC
1317267,Kamunting Street Capital Management  L.P.
1317346,OTA Financial Group L.P.
1317348,BOK Financial Private Wealth  Inc.
1317410,LONESTAR CAPITAL MANAGEMENT LLC
1317583,SCOPUS ASSET MANAGEMENT  L.P.
1317588,ABRAMS BISON INVESTMENTS  LLC
1317627,COMPASS GROUP LLC
1317679,Impala Asset Management LLC
1317724,Mondrian Investment Partners LTD
1317733,Exchange Capital Management  Inc.
1317784,SFE Investment Counsel
1317802,Guild Investment Management  Inc.
1317829,Buffington Mohr McNeal
1317904,Oasis Management Co Ltd.
1317947,Bain Capital Credit  LP
1317961,Latash Investments  LLC
1318011,Weil Company  Inc.
1318055,FARMERS TRUST CO
1318153,Mayo Clinic
1318259,White Pine Investment CO
1318293,Spectrum Asset Management  Inc.
1318601,Acropolis Investment Management  LLC
1318757,MARSHALL WACE  LLP
1319691,Ranger Investment Management  L.P.
1319998,Southpoint Capital Advisors LP
1320168,AMERICAN CAPITAL MANAGEMENT INC
1320769,Praesidium Investment Management Company  LLC
1321194,Argyle Capital Management Inc.
1321220,Stadion Money Management  LLC
1321993,GRIMES & COMPANY  INC.
1322590,Bowling Portfolio Management LLC
1322613,RR Advisors  LLC
1322749,Trimaran Fund Management  L.L.C.
1322853,Foyston  Gordon  & Payne Inc
1322924,S Squared Technology  LLC
1323119,Covington Capital Management
1323255,APG Asset Management US Inc.
1323276,Sabal Trust CO
1323414,PACIFIC HEIGHTS ASSET MANAGEMENT LLC
1323645,CAPITAL FUND MANAGEMENT S.A.
1323953,RGM Capital  LLC
1324022,COHEN LAWRENCE B
1324279,Coastline Trust Co
1324290,Altshuler Shaham Ltd
1325083,Knoll Capital Management  LP
1325091,Marshall Wace North America L.P.
1325256,Blue Harbour Group  L.P.
1325447,First Eagle Investment Management  LLC
1326150,Prentice Capital Management  LP
1326234,Allen Investment Management LLC
1326389,Polar Asset Management Partners Inc.
1326638,Castle Creek Arbitrage  LLC
1326766,Violich Capital Management  Inc.
1327055,Bragg Financial Advisors  Inc
1327944,Town & Country Bank & Trust CO dba First Bankers Trust CO
1328062,Cornerstone Investment Partners  LLC
1328331,Fondren Management LP
1328785,Senvest Management  LLC
1329375,CUSHING ASSET MANAGEMENT  LP
1329948,Janney Montgomery Scott LLC
1330325,Opus Capital Group  LLC
1330463,Ironwood Investment Counsel  LLC
1331693,Roumell Asset Management  LLC
1331875,Fidelity National Financial  Inc.
1332342,Texas Yale Capital Corp.
1332632,CHILTON INVESTMENT CO LLC
1332638,STONE POINT CAPITAL LLC
1332784,Silver Point Capital L.P.
1332811,KNIGHTSBRIDGE ASSET MANAGEMENT  LLC
1332905,RMB Capital Management  LLC
1333709,Summit Creek Advisors LLC
1333792,Sky Investment Group LLC
1333986,Equitable Holdings  Inc.
1334199,Cambridge Financial Group  Inc.
1334429,BIGLARI CAPITAL CORP.
1334430,BIGLARI  SARDAR
1334952,INSIGHT 2811  INC.
1335325,HighVista Strategies LLC
1335382,BANK OF NOVA SCOTIA TRUST CO
1335644,SCOTIA CAPITAL INC.
1335851,Private Wealth Partners  LLC
1336528,Pershing Square Capital Management  L.P.
1336800,Trigran Investments  Inc.
1336885,Key Colony Management  LLC
1337263,Hodges Capital Management Inc.
1339161,Fine Capital Partners  L.P.
1339270,SOL Capital Management CO
1339908,FIRST NATIONAL BANK & TRUST CO OF NEWTOWN
1340098,Ulys  L.L.C.
1340459,C V STARR & CO INC
1340614,Russell Clark Investment Management Ltd
1340807,Bares Capital Management  Inc.
1341401,River Road Asset Management  LLC
1341748,Cypress Capital Group
1342396,FOUNDERS FINANCIAL SECURITIES LLC
1342857,North Star Investment Management Corp.
1343231,Ferox Capital LLP
1343781,HealthCor Management  L.P.
1343916,IMS Capital Management
1344114,Waverton Investment Management Ltd
1344551,ASSETMARK  INC
1344717,Estabrook Capital Management
1345471,TRIAN FUND MANAGEMENT  L.P.
1345576,Advisors Capital Management  LLC
1345929,BROWN ADVISORY INC
1346378,Baldwin Investment Management  LLC
1346543,Northern Right Capital Management  L.P.
1346554,TENOR CAPITAL MANAGEMENT Co.  L.P.
1346824,RA CAPITAL MANAGEMENT  L.P.
1347504,Yorktown Energy Partners VI LP
1347683,Haverford Financial Services  Inc.
1348145,VR Advisory Services Ltd
1348183,AlphaMark Advisors  LLC
1348883,Clearbridge Investments  LLC
1349138,Parsec Financial Management  Inc.
1349352,Caymus Capital Partners  L.P.
1349353,united american securities inc. (d/b/a uas asset management)
1349434,LOCUST WOOD CAPITAL ADVISERS  LLC
1349654,OBERMEYER WOOD INVESTMENT COUNSEL  LLLP
1350290,Portolan Capital Management  LLC
1350585,Coho Partners  Ltd.
1350660,PHILLIPS FINANCIAL MANAGEMENT  LLC
1350694,Bridgewater Associates  LP
1350780,Private Capital Advisors  Inc.
1350879,INDUS CAPITAL PARTNERS  LLC
1351063,JACOBS ASSET MANAGEMENT  LLC
1351351,Twin Securities  Inc.
1351407,Philadelphia Financial Management of San Francisco  LLC
1351431,Matthew 25 Management Corp
1351731,WestEnd Advisors  LLC
1351917,MENORA MIVTACHIM HOLDINGS LTD.
1351950,Findlay Park Partners LLP
1351991,Rathbone Brothers plc
1352122,Robertson Opportunity Capital  LLC
1352187,Clark Capital Management Group  Inc.
1352272,Miura Global Management  LLC
1352342,Echo Street Capital Management LLC
1352449,Norman Fields  Gottscho Capital Management  LLC
1352467,BBR PARTNERS  LLC
1352512,Azimuth Capital Management LLC
1352526,Hartford Financial Management Inc.
1352543,Copper Rock Capital Partners  LLC
1352547,Legacy Private Trust Co.
1352662,Grantham  Mayo  Van Otterloo & Co. LLC
1352675,Bangor Savings Bank
1352764,Beaumont Financial Partners  LLC
1352776,Regis Management CO LLC
1352851,Magnetar Financial LLC
1352860,BLUE BELL PRIVATE WEALTH MANAGEMENT  LLC
1352864,BKD Wealth Advisors  LLC
1352871,Benin Management CORP
1352895,EMERALD MUTUAL FUND ADVISERS TRUST
1352900,Kemper Corp Master Retirement Trust
1352924,Caledonia (Private) Investments Pty Ltd
1353098,Cutler Capital Management  LLC
1353110,Aldebaran Financial Inc.
1353198,Cabot-Wellington  LLC
1353219,ALPHA WINDWARD LLC
1353254,EJF Capital LLC
1353311,Marathon Partners Equity Management  LLC
1353312,TREMBLANT CAPITAL GROUP
1353316,Hound Partners  LLC
1353318,Progressive Investment Management Corp
1353326,Gryphon International Investment CORP
1353394,Gladstone Capital Management LLP
1353395,Fulcrum Asset Management LLP
1353411,Adelphi Capital LLP
1353570,Campbell & CO Investment Adviser LLC
1353651,Leith Wheeler Investment Counsel Ltd.
1354739,Geller Advisors LLC
1354821,LEVIN CAPITAL STRATEGIES  L.P.
1356202,Beech Hill Advisors  Inc.
1356249,Fund Evaluation Group  LLC
1356407,Indiana Trust & Investment Management CO
1356513,Westwood Global Investments  LLC
1356643,Maryland Capital Management
1356783,Phocas Financial Corp.
1357550,Weiss Asset Management LP
1357867,Evensky & Katz LLC
1357955,ProShare Advisors LLC
1357993,Lapides Asset Management  LLC
1358253,TIG Advisors  LLC
1358331,Bruce & Co.  Inc.
1358706,ABRAMS CAPITAL MANAGEMENT  L.P.
1358828,Financial Sense Advisors  Inc.
1359262,MAKENA CAPITAL MANAGEMENT LLC
1359371,3D ASSET MANAGEMENT  INC
1360533,Brinker Capital Investments  LLC
1360710,Hirtle Callaghan & Co LLC
1360798,BRIGHTON JONES LLC
1361974,Beutel  Goodman & Co Ltd.
1361978,Southpaw Asset Management LP
1362033,GSA CAPITAL PARTNERS LLP
1362255,GOODNOW INVESTMENT GROUP  LLC
1362535,CULLEN CAPITAL MANAGEMENT LLC
1362987,ELM ADVISORS  LLC
1363561,REILLY FINANCIAL ADVISORS  LLC
1363829,Enstar Group LTD
1364412,H PARTNERS MANAGEMENT  LLC
1364615,Aperio Group  LLC
1364725,CIM  LLC
1364742,BlackRock Inc.
1365167,DIVIDEND ASSETS CAPITAL  LLC
1365341,Cevian Capital II GP LTD
1365474,GUARDIAN INVESTMENT MANAGEMENT
1365555,Amtrust Financial Services  Inc.
1365559,Baker Ellis Asset Management LLC
1365707,CONTRAVISORY INVESTMENT MANAGEMENT  INC.
1367401,KEMPEN CAPITAL MANAGEMENT N.V.
1367663,Mohican Financial Management  LLC
1367786,HM Capital Management  LLC
1368163,Zurcher Kantonalbank (Zurich Cantonalbank)
1368465,Hillsdale Investment Management Inc.
1368905,Quantitative Advantage  LLC
1369702,AMI ASSET MANAGEMENT CORP
1369913,American Investment Services  Inc.
1370102,State of Alaska  Department of Revenue
1370629,Bridgecreek Investment Management  LLC
1371726,MYCIO WEALTH PARTNERS  LLC
1372130,HEADINVEST  LLC
1372218,CPMG Inc
1373017,BCM ADVISORS  LLC
1373442,Mariner  LLC
1374022,Mitsubishi UFJ Securities Holdings Co.  Ltd.
1374170,NORGES BANK
1374246,SC XII MANAGEMENT LLC
1374588,RED MOUNTAIN CAPITAL PARTNERS LLC
1374889,Ballentine Partners  LLC
1374998,PREMIER ASSET MANAGEMENT LLC
1375345,EnerVest  Ltd.
1375534,GENERATION INVESTMENT MANAGEMENT LLP
1375664,Round Table Services  LLC
1376113,ALPS ADVISORS INC
1376192,Clal Insurance Enterprises Holdings Ltd
1376772,Dorsey Wright & Associates
1376879,AKO CAPITAL LLP
1377581,First Pacific Advisors  LP
1377635,EMORY UNIVERSITY
1377817,Moab Capital Partners LLC
1377929,CASTINE CAPITAL MANAGEMENT  LLC
1378410,Arrow Investment Advisors  LLC
1378559,First Dallas Securities Inc.
1378946,People's United Financial  Inc.
1379041,Employers Holdings  Inc.
1379119,Livingston Group Asset Management CO (operating as Southport Capital Management)
1379995,HBK Sorce Advisory LLC
1380137,HUNTER ASSOCIATES INVESTMENT MANAGEMENT LLC
1380393,Fortress Investment Group LLC
1380443,Valmark Advisers  Inc.
1381055,Penbrook Management LLC
1381296,Aureus Asset Management  LLC
1381954,Tieton Capital Management  LLC
1382303,Goodman Financial Corp
1382333,Meditor Group Ltd
1382646,Ifrah Financial Services  Inc.
1383838,SHAH CAPITAL MANAGEMENT
1384042,Dorsey & Whitney Trust CO LLC
1384058,Redwood Investments  LLC
1384484,MAD RIVER INVESTORS
1384943,Bath Savings Trust Co
1384982,Columbus Hill Capital Management  L.P.
1385702,MAK CAPITAL ONE LLC
1385864,Forward Management  LLC
1385925,Horrell Capital Management  Inc.
1386060,Boston Partners
1386364,Harrington Investments  INC
1386462,Ionic Capital Management LLC
1386928,Park West Asset Management LLC
1386929,Adams Asset Advisors  LLC
1386935,Keel Point  LLC
1387130,Marble Harbor Investment Counsel  LLC
1387303,MOON CAPITAL MANAGEMENT LP
1387304,Richard C. Young & CO.  LTD.
1387322,Whale Rock Capital Management LLC
1387366,Ensemble Capital Management  LLC
1387369,KETTLE HILL CAPITAL MANAGEMENT  LLC
1387399,West Oak Capital  LLC
1387458,LaFleur & Godfrey LLC
1387508,PRELUDE CAPITAL MANAGEMENT  LLC
1387615,Aull & Monroe Investment Management Corp
1387723,BANK OF STOCKTON
1387761,TWIN FOCUS CAPITAL PARTNERS  LLC
1387818,Barton Investment Management
1387869,Ecofin Advisors Ltd
1387921,Harber Asset Management LLC
1387941,ALPHASIMPLEX GROUP  LLC
1388028,REIK & CO.  LLC
1388142,Bedell Frazier Investment Counseling  LLC
1388167,ClariVest Asset Management LLC
1388168,Atlas Brown Inc.
1388279,Stieven Capital Advisors  L.P.
1388312,Weiss Multi-Strategy Advisers LLC
1388325,Novo Holdings A/S
1388382,HALL LAURIE J TRUSTEE
1388391,Walleye Trading LLC
1388409,NOVARE CAPITAL MANAGEMENT LLC
1388437,Paragon Capital Management LLC
1388443,Palisades Hudson Asset Management  L.P.
1388469,CVentures  Inc.
1388551,CAXTON CORP
1388736,KINGS POINT CAPITAL MANAGEMENT
1388805,NEW MOUNTAIN VANTAGE ADVISERS  L.L.C.
1388814,Energy Income Partners  LLC
1388829,AMG National Trust Bank
1388838,Dalton Investments LLC
1389059,BLB&B Advisors  LLC
1389191,Hexavest Inc.
1389215,World Asset Management Inc
1389223,Mathes Company  Inc.
1389234,SYMMETRY PEAK MANAGEMENT LLC
1389256,American Assets Investment Management  LLC
1389307,Rex Capital Advisors  LLC
1389400,Stockman Wealth Management  Inc.
1389403,Chou Associates Management Inc.
1389426,Rafferty Asset Management  LLC
1389479,Brown Advisory Securities  LLC
1389507,DISCOVERY CAPITAL MANAGEMENT  LLC / CT
1389544,ALLEN OPERATIONS LLC
1389563,SAGEVIEW CAPITAL LP
1389574,Nicholas Investment Partners  LP
1389709,WHALEROCK POINT PARTNERS  LLC
1389848,Arlington Partners LLC
1389875,Newbrook Capital Advisors LP
1389933,DAFNA Capital Management LLC
1390003,Southeast Asset Advisors Inc.
1390043,First Washington CORP
1390063,Westchester Capital Management  Inc.
1390111,Salzman & Co.  Inc.
1390113,Taconic Capital Advisors LP
1390202,Laurion Capital Management LP
1390205,Pineno Levin & Ford Asset Management  Inc.
1390457,Cheyne Capital Management (UK) LLP
1390777,Bank of New York Mellon Corp
1391166,Lee Financial Co
1391974,GSI Capital Advisors LLC
1392364,L & S Advisors Inc
1393369,C.V. Starr & Co.  Inc. Trust
1393389,Manchester Capital Management LLC
1393818,Blackstone Group Inc
1393825,Hudson Bay Capital Management LP
1393944,Hanson & Doremus Investment Management
1394096,ZEVIN ASSET MANAGEMENT LLC
1394866,Penobscot Investment Management Company  Inc.
1395055,Callahan Advisors  LLC
1395067,Marquette Asset Management  LLC
1396318,Public Sector Pension Investment Board
1396835,ALPINE ASSOCIATES MANAGEMENT INC.
1397076,Stilwell Value LLC
1397144,Abingworth LLP
1397290,Rodgers Brothers Inc.
1397424,WBI Investments
1397545,HHR Asset Management  LLC
1398103,Ashfield Capital Partners  LLC
1398318,Handelsbanken Fonder AB
1398346,MEITAV DASH INVESTMENTS LTD
1398739,Employees Retirement System of Texas
1398825,Archon Capital Management LLC
1399360,Presima Inc.
1399386,Bandera Partners LLC
1399518,Hartz Capital  Inc.
1399706,South Street Advisors LLC
1399770,Kohlberg Kravis Roberts & Co. L.P.
1399794,Choate Investment Advisors
1400240,Flagship Pioneering Inc.
1401388,VALINOR MANAGEMENT  L.P.
1401561,GHP Investment Advisors  Inc.
1403438,LPL Financial LLC
1404574,683 Capital Management  LLC
1404599,Aquamarine Capital Management  LLC
1404652,Jaffetilchin Investment Partners  LLC
1404740,Goldfarb Andrew P
1404763,J.W. COLE ADVISORS  INC.
1405555,Lafitte Capital Management LP
1406026,First Trust Bank  Ltd.
1406313,P2 Capital Partners  LLC
1406484,Harvey Partners  LLC
1406718,Corriente Advisors  LLC
1406995,Cutter & CO Brokerage  Inc.
1407024,NNS Holding
1407382,Miller Investment Management  LP
1407543,ENVESTNET ASSET MANAGEMENT INC
1407737,Solus Alternative Asset Management LP
1408103,Point View Wealth Management  Inc.
1408853,Corsair Capital LLC
1409362,AdvisorNet Financial  Inc
1409427,Boston Common Asset Management  LLC
1409661,Guinness Asset Management LTD
1409728,Mercer Investments LLC
1409751,Coliseum Capital Management  LLC
1409765,Guinness Atkinson Asset Management Inc
1409775,BBVA USA Bancshares  Inc.
1409888,Standard General L.P.
1410830,Matrix Capital Management Company  LP
1410833,Night Owl Capital Management  LLC
1411133,KBC Group NV
1411268,Twele Capital Management  Inc.
1411530,Sumitomo Mitsui DS Asset Management Company  Ltd
1411784,Pinnacle Holdings  LLC
1412665,MidWestOne Financial Group  Inc.
1412741,J. Goldman & Co LP
1413303,GLOBAL STRATEGIC MANAGEMENT INC
1415201,SPC Financial  Inc.
1415293,Sloane Robinson LLP
1415345,Hillcrest Asset Management LLC
1415912,Migdal Insurance & Financial Holdings Ltd.
1415996,IndexIQ Advisors LLC
1416692,Financial Architects  Inc
1416856,Fruth Investment Management
1417889,Vision Capital Management  Inc.
1418204,FIRST REPUBLIC INVESTMENT MANAGEMENT  INC.
1418226,Silver Lake Group  L.L.C.
1418329,Ninety One UK Ltd
1418333,MACQUARIE GROUP LTD
1418342,Seascape Capital Management
1418359,K.J. Harrison & Partners Inc
1418421,Capital Investment Counsel  Inc
1418427,ROBECOSAM AG
1418539,SONORA INVESTMENT MANAGEMENT  LLC
1418773,Robeco Institutional Asset Management B.V.
1418814,ValueAct Holdings  L.P.
1419099,Interactive Financial Advisors
1419186,Cambridge Investment Research Advisors  Inc.
1419999,MAR VISTA INVESTMENT PARTNERS LLC
1420299,Serengeti Asset Management LP
1420473,Financial Engines Advisors L.L.C.
1420816,Telemark Asset Management  LLC
1421097,SAMLYN CAPITAL  LLC
1421224,CIBC World Markets Inc.
1421306,BRIGADE CAPITAL MANAGEMENT  LP
1421578,PUTNAM INVESTMENTS LLC
1421669,3G Capital Partners LP
1422508,Montecito Bank & Trust
1422848,Capital Research Global Investors
1422849,Capital World Investors
1423045,First National Bank of Mount Dora  Trust Investment Services
1423053,CITADEL ADVISORS LLC
1423065,Ativo Capital Management LLC
1423080,Yorktown Energy Partners VII  L.P.
1423296,Zuckerman Investment Group  LLC
1423442,O'SHAUGHNESSY ASSET MANAGEMENT  LLC
1423673,Hikari Tsushin  Inc.
1423686,CADIAN CAPITAL MANAGEMENT  LP
1423876,GARNET EQUITY CAPITAL HOLDINGS  INC.
1423994,Ridgeback Capital Investments L.P.
1424116,Rainier Group Investment Advisory LLC
1424177,Birch Hill Investment Advisors LLC
1424322,Cubic Asset Management  LLC
1424367,Voya Financial Advisors  Inc.
1424381,LAKEWOOD CAPITAL MANAGEMENT  LP
1424467,Lisanti Capital Growth  LLC
1424717,Plante Moran Financial Advisors  LLC
1425040,CarVal Investors  LP
1425041,BISLETT MANAGEMENT  LLC
1425165,Apriem Advisors
1425419,USA MUTUALS ADVISORS  INC.
1425649,MIG Capital  LLC
1425738,Redmile Group  LLC
1425845,Vigilant Capital Management  LLC
1425851,Pentwater Capital Management LP
1425930,AdvisorShares Investments LLC
1425949,WealthTrust Axiom LLC
1426083,Perella Weinberg Partners Capital Management LP
1426092,Longview Partners (Guernsey) LTD
1426196,CAPSTONE INVESTMENT ADVISORS  LLC
1426266,RK Capital Management  LLC
1426318,PCJ Investment Counsel Ltd.
1426319,Spears Abacus Advisors LLC
1426327,Scheer  Rowlett & Associates Investment Management Ltd.
1426398,Focused Investors LLC
1426449,Bank of Italy
1426486,Bracebridge Capital  LLC
1426588,Barnett & Company  Inc.
1426749,Ancient Art  L.P.
1426754,Wallington Asset Management  LLC
1426763,Cincinnati Specialty Underwriters Insurance CO
1426771,Alaska Permanent Capital Management
1426774,R.M.SINCERBEAUX CAPITAL MANAGEMENT LLC
1426851,Argent Advisors  Inc.
1426853,Crestwood Advisors Group LLC
1426857,SIB LLC
1426859,Ruffer LLP
1426940,Horizon Investment Services  LLC
1427008,Smead Capital Management  Inc.
1427119,Meritage Group LP
1427147,Cheviot Value Management  LLC
1427165,STELLIAM INVESTMENT MANAGEMENT  LP
1427196,Diversified Investment Strategies  LLC
1427202,Busey Wealth Management
1427261,FundX Investment Group  LLC
1427263,GFS Advisors  LLC
1427350,First City Capital Management  Inc.
1427351,MERIDIAN INVESTMENT COUNSEL INC.
1427372,Gibson Capital  LLC
1427430,Assured Investment Management LLC
1427514,Dana Investment Advisors  Inc.
1427684,Capital Directions Investment Advisors  LLC
1427748,Truepoint  Inc.
1428350,NORTHWEST INVESTMENT COUNSELORS  LLC
1428569,Holowesko Partners Ltd.
1428793,First Heartland Consultants  Inc.
1429390,Harel Insurance Investments & Financial Services Ltd.
1430193,Nalanda India Fund LTD
1430681,Hayek Kallen Investment Management
1432450,BRIGHTLINE CAPITAL MANAGEMENT  LLC
1432529,Baker Avenue Asset Management  LP
1432539,Strategic Financial Services  Inc
1433541,ASPIRIANT  LLC
1434165,ATLAS CAPITAL ADVISORS LLC
1434323,Palisade Asset Management  LLC
1434819,APG Asset Management N.V.
1434845,Cardinal Capital Management
1434981,Altavista Wealth Management  Inc.
1434997,SIR Capital Management  L.P.
1436866,1607 Capital Partners  LLC
1436871,PALLADIUM PARTNERS LLC
1438574,Sterneck Capital Management  LLC
1438637,Firefly Value Partners  LP
1438848,GAM Holding AG
1439289,Toscafund Asset Management LLP
1439303,Polar Capital LLP
1439589,Polaris Venture Management Co. V  L.L.C.
1439743,Mechanics Bank Trust Department
1439805,Greenwich Wealth Management LLC
1440771,Stonepine Capital Management  LLC
1441646,Grace Capital
1441689,Korea Investment CORP
1441843,EMS Capital LP
1441888,Tributary Capital Management  LLC
1442056,CONFLUENCE INVESTMENT MANAGEMENT LLC
1442573,HOURGLASS CAPITAL  LLC
1442641,Legato Capital Management LLC
1442756,PFM Health Sciences  LP
1442891,EVENTIDE ASSET MANAGEMENT  LLC
1443077,INTACT INVESTMENT MANAGEMENT INC.
1443095,Welch Group  LLC
1443689,Senator Investment Group LP
1444043,Camber Capital Management LP
1444055,JCSD Capital  LLC
1444116,Venrock Management V  LLC
1444376,Raging Capital Management  LLC
1444874,Teton Advisors  Inc.
1445065,BENJAMIN F. EDWARDS & COMPANY  INC.
1445891,Eagle Ridge Investment Management
1445893,CTC LLC
1445911,Quantitative Investment Management  LLC
1446114,Ancora Advisors  LLC
1446179,SUSQUEHANNA FUNDAMENTAL INVESTMENTS  LLC
1446194,SUSQUEHANNA INTERNATIONAL GROUP  LLP
1446440,Kynikos Associates LP
1447228,Yiheng Capital Management  L.P.
1447578,RIVERNORTH CAPITAL MANAGEMENT  LLC
1447884,Fosun International Ltd
1447946,CQS (US)  LLC
1447961,Index Venture Growth Associates I Ltd
1447962,Index Venture Associates IV Ltd
1448574,MOORE CAPITAL MANAGEMENT  LP
1448793,Prime Capital Management Co Ltd
1449126,Sigma Planning Corp
1449434,Apollo Management Holdings  L.P.
1450144,TWO SIGMA SECURITIES  LLC
1450558,Legacy Capital Partners  Inc.
1450701,THOMA BRAVO  L.P.
1450935,B & T Capital Management DBA Alpha Capital Management
1451460,Jeereddi Investments  LP
1451531,SPRING CREEK CAPITAL LLC
1451623,BENJAMIN EDWARDS INC
1452208,CACTI ASSET MANAGEMENT LLC
1452689,Valiant Capital Management  L.P.
1452857,STEEL PARTNERS HOLDINGS L.P.
1452861,IMC-Chicago  LLC
1453072,Alyeska Investment Group  L.P.
1453381,Jasper Ridge Partners  L.P.
1453526,Private Harbour Investment Management & Counsel  LLC
1453620,Cohen Klingenstein LLC
1453885,Beach Point Capital Management LP
1454027,Verition Fund Management LLC
1454138,Stairway Partners  LLC
1454308,Tanglewood Wealth Management  Inc.
1454423,Gabalex Capital Management LLC
1454424,Archon Partners LLC
1454502,Triple Frond Partners LLC
1454759,APPLETON GROUP  LLC
1454893,Manikay Partners  LLC
1454937,AEGON USA Investment Management  LLC
1454949,Poplar Forest Capital LLC
1454984,Ensign Peak Advisors  Inc
1455176,Biondo Investment Advisors  LLC
1455251,Hollow Brook Wealth Management LLC
1455253,HS Management Partners  LLC
1455258,CALAMOS WEALTH MANAGEMENT LLC
1455267,Parkside Financial Bank & Trust
1455288,Shelter Mutual Insurance Co
1455290,Shelter Ins Retirement Plan
1455468,Dean Capital Management
1455495,IMA Wealth  Inc.
1455845,LS Investment Advisors  LLC
1455915,OLD MISSION CAPITAL LLC
1455952,Richmond Hill Investments  LLC
1455969,Reynders McVeigh Capital Management  LLC
1456048,SIGNATUREFD  LLC
1456114,ADVISOR PARTNERS LLC
1456133,Convergence Investment Partners  LLC
1456227,NorthCoast Asset Management LLC
1456228,DekaBank Deutsche Girozentrale
1456417,International Value Advisers  LLC
1456511,Greenwich Investment Management  Inc.
1456670,DNB Asset Management AS
1456827,MITTLEMAN INVESTMENT MANAGEMENT  LLC
1457320,EXCHANGE TRADED CONCEPTS  LLC
1457833,Sandy Spring Bank
1458425,KINGSTOWN CAPITAL MANAGEMENT L.P.
1458461,Healthcare Value Capital  LLC
1459270,Freshford Capital Management  LLC
1459707,CASTLE CREEK CAPITAL PARTNERS IV  LP
1459754,Wallace Capital Management Inc.
1461287,Narwhal Capital Management
1461539,TD AMERITRADE INVESTMENT MANAGEMENT  LLC
1461790,K2 PRINCIPAL FUND  L.P.
1462020,Chevy Chase Trust Holdings  Inc.
1462160,Mitsubishi UFJ Trust & Banking Corp
1462245,HighTower Advisors  LLC
1462284,Raymond James Financial Services Advisors  Inc.
1462335,Hellman & Friedman LLC
1462525,Private Wealth Advisors  Inc.
1463217,UNITED CAPITAL FINANCIAL ADVISERS  LLC
1463559,Alberta Investment Management Corp
1463746,SCHARF INVESTMENTS  LLC
1463753,Ipswich Investment Management Co.  Inc.
1464586,Granite Investment Advisors  LLC
1464790,B. Riley Financial  Inc.
1464811,National Asset Management  Inc.
1465109,Neuberger Berman Group LLC
1465837,BOXER CAPITAL  LLC
1466153,Artisan Partners Limited Partnership
1466219,AH Equity Partners I  L.L.C.
1466546,Mitsubishi UFJ Kokusai Asset Management Co.  Ltd.
1466697,FLOW TRADERS U.S. LLC
1466999,Technology Crossover Management VII  Ltd.
1467517,Krueger & Catalano Capital Partners  LLC
1467902,Manatuck Hill Partners  LLC
1468395,Crestwood Capital Management  L.P.
1468428,Psagot Investment House Ltd.
1468685,Budros  Ruhlin & Roe  Inc.
1468792,HARBOR INVESTMENT ADVISORY  LLC
1469026,HMI Capital  LLC
1469219,YHB Investment Advisors  Inc.
1469475,Mesirow Financial Investment Management  Inc.
1469528,ZEKE CAPITAL ADVISORS  LLC
1469589,Q Global Advisors  LLC
1469751,RiverFront Investment Group  LLC
1469877,HIGHLAND CAPITAL MANAGEMENT FUND ADVISORS  L.P.
1470261,PATRIOT FINANCIAL PARTNERS GP  LP
1470414,Smith  Graham & Co.  Investment Advisors  LP
1470766,SC CHINA HOLDING Ltd
1470876,Freestone Capital Holdings  LLC
1471085,Bronte Capital Management Pty Ltd.
1471265,Northwest Bancshares  Inc.
1471474,STA Wealth Management  LLC
1472190,PGGM Investments
1472322,Nantahala Capital Management  LLC
1472800,Eastover Investment Advisors LLC
1472850,Permian Investment Partners  LP
1473033,Lubar & Co.  Inc
1473116,Yorktown Energy Partners VIII  L.P.
1473182,NUANCE INVESTMENTS  LLC
1473429,Petrus Trust Company  LTA
1473438,MU Investments Co.  Ltd.
1474069,KEYWISE CAPITAL MANAGEMENT (HK) Ltd
1475150,Randolph Co Inc
1475271,MOLLER FINANCIAL SERVICES
1475365,Sumitomo Mitsui Trust Holdings  Inc.
1475373,SECTOR GAMMA AS
1475483,AMERICAN SECURITIES LLC
1475597,HRT FINANCIAL LP
1475770,Cowen Investment Management LLC
1475896,Asset Dedication  LLC
1475940,MONTRUSCO BOLTON INVESTMENTS INC.
1476179,Firsthand Capital Management  Inc.
1476225,Endurance Wealth Management  Inc.
1476329,Nexus Investment Management ULC
1476804,Roundview Capital LLC
1476993,Investure  LLC
1477024,Johnson Financial Group  Inc.
1477477,First Reserve GP XI  Inc.
1477872,Saratoga Research & Investment Management
1478179,Daniels&Tansey LLP
1478215,Morningstar Investment Services LLC
1478417,SUNFLOWER BANK  NA WEALTH MANAGEMENT
1478735,TWO SIGMA ADVISERS  LP
1478775,Stillwater Investment Management  LLC
1478982,Altai Capital Management  L.P.
1478997,Axel Capital Management  LLC
1479465,FARLEY CAPITAL L.P.
1479598,AGF Investments LLC
1479844,Diversified Trust Co
1479847,Voleon Capital Management LP
1479983,Evermore Global Advisors  LLC
1480532,York Capital Management Global Advisors  LLC
1480751,Nikko Asset Management Americas  Inc.
1480916,WMS Partners  LLC
1481045,Daiwa Securities Group Inc.
1481447,Proxima Capital Management  LLC
1481669,EdgePoint Investment Group Inc.
1481714,Verus Financial Partners  Inc.
1481957,Belfer Management LLC
1481986,DRW Securities  LLC
1482010,New Jersey Better Educational Savings Trust
1482012,Smith  Salley & Associates
1482106,Courage Miller Partners  LLC
1482171,DAVIS-REA LTD.
1482416,Sio Capital Management  LLC
1482611,CORRADO ADVISORS  LLC
1482688,Sageworth Trust Co
1482689,Evercore Wealth Management  LLC
1482880,Savant Capital  LLC
1482935,Van Cleef Asset Management Inc
1482970,Stillwater Capital Advisors  LLC
1483065,Supplemental Annuity Collective Trust of NJ
1483066,State of New Jersey Common Pension Fund D
1483170,Kingfisher Capital LLC
1483226,MP (Thrift) Global Advisers III LLC
1483232,TIEDEMANN ADVISORS  LLC
1483259,NJ State Employees Deferred Compensation Plan
1483260,State of New Jersey Common Pension Fund E
1483276,Elm Ridge Management  LLC
1483339,Walthausen & Co.  LLC
1483394,Brouwer & Janachowski  LLC
1483467,Westover Capital Advisors  LLC
1483472,Botty Investors LLC
1483503,TB Alternative Assets Ltd.
1483532,TT INTERNATIONAL
1483617,MM Capital LLC
1483738,Contrarius Investment Management Ltd
1483801,CSat Investment Advisory  L.P.
1483824,TD Capital Management LLC
1483859,ArrowMark Colorado Holdings LLC
1483864,JBF Capital  Inc.
1483866,Independent Franchise Partners LLP
1483870,TCTC Holdings  LLC
1484040,Origin Asset Management LLP
1484043,ITHAKA GROUP LLC
1484047,BloombergSen Inc.
1484067,Rock Creek Group  LP
1484085,SHAYNE & CO.  LLC
1484148,TURTLE CREEK ASSET MANAGEMENT INC.
1484150,Lindsell Train Ltd
1484153,Autonomy Capital (Jersey) L.P.
1484165,Cavalry Management Group  LLC
1484205,HALBERT HARGROVE GLOBAL ADVISORS  LLC
1484256,RiverPark Advisors  LLC
1484265,McKinley Carter Wealth Services  Inc.
1484429,Alecta Pensionsforsakring  Omsesidigt
1484540,WESPAC Advisors  LLC
1484836,Centerbridge Partners  L.P.
1484972,HAP Trading  LLC
1486066,Sawtooth Solutions  LLC
1486083,Corundum Group  Inc.
1486180,RIVER & MERCANTILE ASSET MANAGEMENT LLP
1486713,Pacifica Capital Investments  LLC
1486946,VISTA CAPITAL PARTNERS  INC.
1487438,DONALDSON CAPITAL MANAGEMENT  LLC
1488542,SIMPLEX TRADING  LLC
1488921,Legacy Wealth Management  Inc
1489859,Yost Capital Management  LP
1490429,First Long Island Investors  LLC
1491072,Anson Funds Management LP
1491126,Chieftain Capital Management  Inc.
1491685,Meiji Yasuda Asset Management Co Ltd.
1491719,Lombard Odier Asset Management (USA) Corp
1491998,Ninety One SA (PTY) Ltd
1492040,JCIC Asset Management Inc.
1492162,Lesa Sroufe & Co
1492815,Oldfield Partners LLP
1493215,RTW INVESTMENTS  LP
1494234,Hemenway Trust Co LLC
1494996,Accel X Associates L.L.C.
1495005,Accel London III Associates L.P.
1495383,Venrock Management VI  LLC
1495703,Emery Howard Portfolio Management  Inc.
1495741,TPG Group Holdings (SBS) Advisors  Inc.
1496147,Okumus Fund Management Ltd.
1496201,SPHERA FUNDS MANAGEMENT LTD.
1496228,SRB Corp
1496637,Norinchukin Bank  The
1496859,JHL Capital Group LLC
1497637,Accuvest Global Advisors
1498383,Asset Allocation & Management Company  LLC
1499066,Long Pond Capital  LP
1499094,Rare Infrastructure Ltd
1500596,KPCB GGF Associates  LLC
1500599,KPCB XII Associates  LLC
1500605,NEW VERNON INVESTMENT MANAGEMENT LLC
1501436,QS Investors  LLC
1501902,Charles Schwab Investment Advisory  Inc.
1501927,VK Services  LLC
1502149,Transamerica Financial Advisors  Inc.
1502287,StepStone Group LP
1502631,Orinda Asset Management LLC
1502945,ArcLight Capital Partners  LLC
1503174,SRS Investment Management  LLC
1503269,Heathbridge Capital Management Ltd.
1503466,Yorktown Energy Partners IX  L.P.
1504103,ENCAP ENERGY CAPITAL FUND VIII  L.P.
1504169,TOKIO MARINE ASSET MANAGEMENT CO LTD
1504304,Bulldog Investors  LLC
1504404,Pinnacle Advisory Group  Inc.
1504492,St. James Investment Company  LLC
1504665,DFPG INVESTMENTS  LLC
1504744,Homrich & Berg
1504941,Portland Global Advisors LLC
1505183,Stockbridge Partners LLC
1505207,THOMAS STORY & SON LLC
1505246,Context Partners Fund  L.P.
1505639,Crestview Partners II GP  L.P.
1505791,Energy Opportunities Capital Management  LLC
1505817,FIERA CAPITAL CORP
1505896,Coe Capital Management  LLC
1505961,Decatur Capital Management  Inc.
1506071,Wellington Shields Capital Management  LLC
1506073,Wellington Shields & Co.  LLC
1506409,Silchester International Investors LLP
1506796,American Research & Management Co.
1507673,RP Management  LLC
1507683,RWWM  Inc.
1507971,Wall Street Access Asset Management  LLC
1508097,Sanders Capital  LLC
1508120,Cohen Capital Management  Inc.
1508195,Retirement Planning Group
1508512,Drexel Morgan & Co.
1508822,ACR Alpine Capital Research  LLC
1509508,Renaissance Investment Group LLC
1509510,Thomas J. Herzfeld Advisors  Inc.
1509550,Sequent Asset Management  LLC
1509842,PointState Capital LP
1509873,Sterling Investment Management  Inc.
1509973,BRIGHT ROCK CAPITAL MANAGEMENT  LLC
1509974,Summit Asset Management  LLC
1510099,SG Capital Management LLC
1510281,Saba Capital Management  L.P.
1510387,Gotham Asset Management  LLC
1510434,Empirical Financial Services  LLC d.b.a. Empirical Wealth Management
1510481,Sarasin & Partners LLP
1510668,Crystal Rock Capital Management
1510669,Contour Asset Management LLC
1510677,Consulta Ltd
1510769,Salient Capital Advisors  LLC
1510809,David R. Rahn & Associates Inc.
1510848,Timber Creek Capital Management LLC
1510870,Carlton Hofferkamp & Jenks Wealth Management  LLC
1510912,Ulysses Management LLC
1510940,ACK Asset Management LLC
1510974,BDT CAPITAL PARTNERS  LLC
1510989,EAM Investors  LLC
1511037,PATTON ALBERTSON MILLER GROUP  LLC
1511098,Baskin Financial Services Inc.
1511137,PATHSTONE FAMILY OFFICE  LLC
1511144,10-15 ASSOCIATES  INC.
1511291,M3F  Inc.
1511506,Carnegie Capital Asset Management  LLC
1511550,Asset Management Group  Inc.
1511697,Huber Capital Management LLC
1511702,Deccan Value Investors L.P.
1511739,Hanlon Investment Management  Inc.
1511794,Shaker Financial Services  LLC
1511826,Bronson Point Management LLC
1511847,Lumina Fund Management LLC
1511857,Clear Harbor Asset Management  LLC
1511881,Theleme Partners LLP
1511888,Martin Investment Management  LLC
1511915,Meristem Family Wealth  LLC
1511985,West Coast Financial LLC
1511989,Chatham Asset Management  LLC
1512020,Kepos Capital LP
1512022,Herald Investment Management Ltd
1512024,CAPTRUST FINANCIAL ADVISORS
1512026,SFMG  LLC
1512073,AFT  FORSYTH & COMPANY  INC.
1512135,Ashmore Group plc
1512145,Meru Capital Group  LP
1512162,COOPER CREEK PARTNERS MANAGEMENT LLC
1512171,Route One Investment Company  L.P.
1512173,MAPLELANE CAPITAL  LLC
1512237,Global Endowment Management  LP
1512367,SeaTown Holdings Pte. Ltd.
1512384,Kylin Management LLC
1512397,Knighthead Capital Management  LLC
1512404,Gateway Advisory  LLC
1512415,Windham Capital Management  LLC
1512538,New Vernon Capital Holdings II LLC
1512566,Antipodean Advisors LLC
1512575,Mizuho Trust & Banking Co.  Ltd.
1512581,ETRADE Capital Management LLC
1512590,Oslo Asset Management AS
1512596,Odey Asset Management Group Ltd
1512597,Odey Holdings AG
1512601,BSW Wealth Partners
1512611,Nelson Roberts Investment Advisors  LLC
1512647,First Allied Advisory Services  Inc.
1512652,GUARDIAN CAPITAL ADVISORS LP
1512716,DG Capital Management  LLC
1512734,Mizuho Bank  Ltd.
1512746,STONE RUN CAPITAL  LLC
1512754,ARROWGRASS CAPITAL PARTNERS LLP
1512779,ROCKY MOUNTAIN ADVISERS  LLC
1512780,Private Wealth Group  LLC
1512805,Westchester Capital Management  LLC
1512814,Motley Fool Asset Management LLC
1512848,NEA Management Company  LLC
1512858,NFC Investments  LLC
1512865,Eidelman Virant Capital
1512901,NBW CAPITAL LLC
1512910,AlpInvest Partners B.V.
1512920,SPROTT INC.
1512944,Hall Kathryn A.
1512978,Brookmont Capital Management
1512991,Quantbot Technologies LP
1513006,MIZUHO SECURITIES USA LLC
1513030,CONYERS INVESTMENTS LLC
1513038,Perkins Coie Trust Co
1513125,Quantum Capital Management  LLC / NJ
1513126,Wharton Business Group  LLC
1513137,INCA Investments LLC
1513193,Arbiter Partners Capital Management LLC
1513211,Main Street Research LLC
1513227,Smart Portfolios  LLC
1513300,TRB Advisors LP
1513703,Axiom Investment Management LLC
1513779,Bullseye Asset Management LLC
1513865,Autus Asset Management  LLC
1514334,MSD Partners  L.P.
1515070,Polygon Management Ltd.
1516450,WEALTHCARE CAPITAL MANAGEMENT LLC
1517137,Starboard Value LP
1517429,Reliant Investment Management  LLC
1517642,Battery Partners IX  LLC
1517666,Western Standard LLC
1517857,Soroban Capital Partners LP
1518195,American National Registered Investment Advisor  Inc.
1518235,Cardinal Capital Management  Inc.
1518320,FAI Wealth Management
1518364,Accredited Investors Inc.
1518934,Stanley Capital Management  LLC
1518999,CASPIAN CAPITAL LP
1519113,Highlander Capital Management  LLC
1519319,Garrison Asset Management  LLC
1519611,ARGI Investment Services  LLC
1519676,Stelac Advisory Services LLC
1519921,SWISS RE LTD
1519964,MARSHALL WACE ASIA Ltd
1520309,Mizuho Securities Co. Ltd.
1520354,BNP PARIBAS ASSET MANAGEMENT Holding S.A.
1520478,RWC Asset Management LLP
1520601,AFFINITY INVESTMENT ADVISORS  LLC
1520710,Uniplan Investment Counsel  Inc.
1521001,Parallax Volatility Advisers  L.P.
1521019,Nuveen Asset Management  LLC
1521422,Fairpointe Capital LLC
1521951,First Business Financial Services  Inc.
1522877,AIA Group Ltd
1523705,GAVEA INVESTIMENTOS LTDA
1524362,Indaba Capital Management  L.P.
1524408,Van Berkom & Associates Inc.
1524493,V3 Capital Management  L.P.
1524828,Acuitas Investments  LLC
1525092,Capital Returns Management  LLC
1525109,Wills Financial Group  Inc.
1525212,USCA RIA LLC
1525234,Jericho Capital Asset Management L.P.
1525362,HG Vora Capital Management  LLC
1525865,Clean Yield Group
1525947,Kessler Investment Group  LLC
1526246,Titan Capital Management  LLC /CA
1526411,Barrett Asset Management  LLC
1527166,Carlyle Group Inc.
1527488,TOBAM
1527570,Lingohr & Partner Asset Management GmbH
1527641,MATHER GROUP  LLC.
1527781,Gallagher Fiduciary Advisors  LLC
1528214,Richard Bernstein Advisors LLC
1528593,Black Creek Investment Management Inc.
1529389,Cambria Investment Management  L.P.
1529735,MetLife Investment Management  LLC
1529872,GLADE BROOK CAPITAL PARTNERS LLC
1531593,CLEAR STREET MARKETS LLC
1531611,Covalent Partners LLC
1531612,Cove Street Capital  LLC
1531721,PINEBRIDGE INVESTMENTS  L.P.
1531809,CapWealth Advisors  LLC
1531879,Teilinger Capital Ltd.
1531964,Ibex Investors LLC
1531971,XR Securities LLC
1532262,Greenbrier Partners Capital Management  LLC
1532472,Centre Asset Management  LLC
1532516,Partnervest Advisory Services LLC
1532520,Cornerstone Advisors  Inc.
1532842,BTS Asset Management  Inc.
1533119,Cougar Global Investments Ltd
1533421,Tower Research Capital LLC (TRC)
1533457,FOX RUN MANAGEMENT  L.L.C.
1533497,Liberty Mutual Group Asset Management Inc.
1533504,Sompo Asset Management Co.  Ltd.
1533551,Wellesley Asset Management
1533950,Zweig-DiMenna Associates LLC
1533954,Institute for Wealth Management  LLC.
1533964,Virtu Financial LLC
1534259,Partners Group Holding AG
1534261,Casdin Capital  LLC
1534270,Cutler Group LP
1534300,One William Street Capital Management  L.P.
1534378,Sage Advisory Services  Ltd.Co.
1534400,Cetera Advisors LLC
1534468,Cetera Advisor Networks LLC
1534469,CSU Producer Resources  Inc.
1534522,NORWEST VENTURE PARTNERS XI  LP
1534561,Vantage Investment Partners  LLC
1534653,Skandinaviska Enskilda Banken AB (publ)
1534691,Price Wealth  LLC
1534843,Spectrum Management Group  LLC
1534866,Boston Trust Walden Corp
1534949,MKP Capital Management  L.L.C.
1535061,Edgestream Partners  L.P.
1535096,Tree Line Advisors (Hong Kong) Ltd.
1535110,Parametrica Management Ltd
1535164,Holloway Wealth Management  LLC
1535172,Berkshire Money Management  Inc.
1535176,Nokota Management  LP
1535227,Peregrine Asset Advisers  Inc.
1535264,AWM Investment Company  Inc.
1535279,Tiger Legatus Capital Management  LLC
1535293,J.Safra Asset Management Corp
1535323,Allianz Asset Management GmbH
1535385,Artemis Investment Management LLP
1535387,Dynamic Technology Lab Private Ltd
1535392,MANGROVE PARTNERS
1535452,Andra AP-fonden
1535472,Corvex Management LP
1535588,Twin Tree Management  LP
1535602,BANQUE PICTET & CIE SA
1535610,SABBY MANAGEMENT  LLC
1535611,Silverleafe Capital Partners  LLC
1535630,ELEMENT CAPITAL MANAGEMENT LLC
1535631,PICTET BANK & TRUST Ltd
1535660,Lombard Odier Asset Management (Switzerland) SA
1535677,Day & Ennis  LLC
1535679,New England Investment & Retirement Group  Inc.
1535695,Angeles Investment Advisors  LLC
1535782,AMP Capital Investors Ltd
1535784,Lombard Odier Asset Management (Europe) Ltd
1535811,Redhawk Wealth Advisors  Inc.
1535839,Schwab Charitable Fund
1535845,HEALTHCARE OF ONTARIO PENSION PLAN TRUST FUND
1535847,CWM  LLC
1535859,Rezny Wealth Management  Inc.
1535862,Mader & Shannon Wealth Management  Inc.
1535865,ATRIA INVESTMENTS LLC
1535943,Alphadyne Asset Management LP
1536006,Progeny 3  Inc.
1536054,Crestline Management  LP
1536063,TEGEAN CAPITAL MANAGEMENT  LLC
1536080,Banco BTG Pactual S.A.
1536105,Magellan Asset Management Ltd
1536114,Alta Advisers Ltd
1536139,J. W. Coons Advisors  LLC
1536141,NuWave Investment Management  LLC
1536186,LANDSCAPE CAPITAL MANAGEMENT  L.L.C.
1536262,B.S. Pension Fund Trustee Ltd acting for the British Steel Pension Fund
1536333,DeGreen Capital Management LLC
1536361,Moneda S.A. Administradora General de Fondos
1536411,Duquesne Family Office LLC
1536430,HENGEHOLD CAPITAL MANAGEMENT LLC
1536444,Camarda Financial Advisors  LLC
1536446,Pinkerton Retirement Specialists  LLC
1536520,Land & Buildings Investment Management  LLC
1536549,Mackey Komara & Dankovich  LLC
1536557,Crabel Capital Management  LLC
1536558,British Airways Pensions Investment Management Ltd
1536562,JGP Global Gestao de Recursos Ltda.
1536592,Krane Funds Advisors LLC
1536630,Potrero Capital Research LLC
1536799,Jackson Wealth Management  LLC
1536890,BAROMETER CAPITAL MANAGEMENT INC.
1536924,LBMC INVESTMENT ADVISORS  LLC
1536925,Vestcor Inc
1537014,Candriam Luxembourg S.C.A.
1537055,Telemetry Investments  L.L.C.
1537147,Resource Planning Group
1537191,Louisiana State Employees Retirement System
1537319,Community Financial Services Group  LLC
1537345,KPCB DGF Associates  LLC
1537430,Vestar Capital Partners LLC
1537455,SCHF (GPE)  LLC
1537530,SCGE MANAGEMENT  L.P.
1537607,OAK HILL CAPITAL MANAGEMENT  LLC
1537621,DT Investment Partners  LLC
1537720,FineMark National Bank & Trust
1537783,Kentucky Retirement Systems
1538037,Independent Order of Foresters
1538338,Wechter Feldman Wealth Management  Inc.
1538383,Westside Investment Management  Inc.
1538449,Mawer Investment Management Ltd.
1538642,Clayton  Dubilier & Rice  LLC
1538653,Prescott General Partners LLC
1538846,South Dakota Investment Council
1538853,MIRABELLA FINANCIAL SERVICES LLP
1539041,PICTON MAHONEY ASSET MANAGEMENT
1539204,Crossmark Global Holdings  Inc.
1539338,Financial Advisory Group
1539436,40 North Management LLC
1539919,Waratah Capital Advisors Ltd.
1539947,Family Management Corp
1539948,United Asset Strategies  Inc.
1539994,KAMES CAPITAL plc
1540142,SAN FRANCISCO SENTRY INVESTMENT GROUP (CA)
1540235,Creative Planning
1540359,AH Equity Partners III (Parallel)  L.L.C.
1540361,AH Equity Partners III  L.L.C.
1540531,12 West Capital Management LP
1540569,EP Wealth Advisors  LLC
1540656,Gladius Capital Management LP
1540726,Deer VII & Co. Ltd.
1540826,EULAV Asset Management
1540866,Makaira Partners LLC
1540867,New England Professional Planning Group Inc.
1540880,FJARDE AP-FONDEN /FOURTH SWEDISH NATIONAL PENSION FUND
1540944,GREATMARK INVESTMENT PARTNERS  INC.
1540951,Summit Rock Advisors  LP
1541055,Nokomis Capital  L.L.C.
1541197,Unicom Capital LLC
1541211,Hilton Capital Management  LLC
1541349,Myriad Asset Management Ltd.
1541353,Triangle Securities Wealth Management
1541399,Ramsay  Stattman  Vela & Price  Inc.
1541448,Veritas Asset Management LLP
1541457,Birch Run Capital Advisors  LP
1541496,Hendershot Investments Inc.
1541536,Minerva Advisors LLC
1541596,Aspen Investment Management Inc
1541617,Altimeter Capital Management  LP
1541625,Prospera Financial Services Inc
1541741,Pendal Group Limited
1541743,Copeland Capital Management  LLC
1541787,Nadler Financial Group  Inc.
1541897,Kistler-Tiffany Companies  LLC
1541901,Encompass Capital Advisors LLC
1541910,Illinois Municipal Retirement Fund
1542108,Verity & Verity  LLC
1542143,Modera Wealth Management  LLC
1542161,Glaxis Capital Management  LLC
1542164,Efficient Advisors  LLC
1542165,Boyer & Corporon Wealth Management  LLC
1542166,Callan Capital  LLC
1542265,Gradient Investments LLC
1542266,Granite Investment Partners  LLC
1542280,Cook & Bynum Capital Management  LLC
1542284,Madden Advisory Services  Inc.
1542287,Annex Advisory Services  LLC
1542294,Third Security  LLC
1542300,GoodHaven Capital Management  LLC
1542302,LYRICAL ASSET MANAGEMENT LP
1542324,Mraz  Amerine & Associates  Inc.
1542339,Essex Woodlands Management  Inc.
1542383,Aviance Capital Partners  LLC
1542420,Cipher Capital LP
1542421,BUCKINGHAM STRATEGIC WEALTH  LLC
1542606,Portfolio Solutions  LLC
1542611,Executive Wealth Management  LLC
1542927,National Mutual Insurance Federation of Agricultural Cooperatives
1542952,Burren Capital Advisors Ltd
1543100,Windsor Capital Management  LLC
1543160,Benefit Street Partners LLC
1543170,SPRUCE HOUSE INVESTMENT MANAGEMENT LLC
1543536,Hudock  Inc.
1543830,Cowen Prime Services LLC
1543991,Smith & Howard Wealth Management  LLC
1544224,McCutchen Group LLC
1544341,BBT Capital Management  LLC
1544366,Samalin Investment Counsel  LLC
1544554,GEM Realty Capital
1544576,Adviser Investments LLC
1544599,Bank Julius Baer & Co. Ltd  Zurich
1544676,Segantii Capital Management Ltd
1544731,First Reserve GP XII Ltd
1544773,Consonance Capital Management LP
1544806,VICUS CAPITAL
1545812,CORDA Investment Management  LLC.
1546007,Assenagon Asset Management S.A.
1546190,FPR PARTNERS LLC
1546196,KPCB XIV Associates  LLC
1546283,Glovista Investments LLC
1546408,Baystate Wealth Management LLC
1546531,Vitol Holding B.V.
1546587,Hartford Funds Management Co LLC
1546592,PARK CIRCLE Co
1546790,DYNAMO INTERNACIONAL GESTAO DE RECURSOS LTDA.
1546865,Ascent Wealth Partners  LLC
1546967,Iowa State Bank
1546989,NewSquare Capital LLC
1547007,Dorsal Capital Management  LLC
1547399,August Capital Management V  L.L.C.
1547926,Livforsakringsbolaget Skandia  Omsesidigt
1547927,Milliman Financial Risk Management LLC
1548179,Frontier Wealth Management LLC
1548392,Utah Retirement Systems
1548468,Cognios Capital  LLC
1548784,WealthStone  Inc.
1548836,Gramercy Funds Management LLC
1548882,Eos Management  L.P.
1548916,Strategic Wealth Advisors Group  LLC
1548997,GOLDEN GATE PRIVATE EQUITY  INC.
1549042,Diligent Investors  LLC
1549230,BOOTHBAY FUND MANAGEMENT  LLC
1549275,Catalyst Capital Advisors LLC
1549358,Old West Investment Management  LLC
1549408,ALETHEA CAPITAL MANAGEMENT  LLC
1549410,Quadrature Capital LLP
1549449,Gunma Bank Ltd.
1549553,SOUTHPORT MANAGEMENT  L.L.C.
1549575,Dalal Street  LLC
1549641,KEY GROUP HOLDINGS (CAYMAN)  LTD.
1549738,JW Asset Management  LLC
1550057,Goelzer Investment Management  Inc.
1550075,Bartlett & Co. LLC
1550188,Kellner Capital  LLC
1550191,Stonehearth Capital Management  LLC
1550192,IDG-Accel China Growth Fund III Associates L.P.
1550228,Filament LLC
1550304,Institutional Venture Management XIV  LLC
1550660,Oaktop Capital Management II  L.P.
1551727,MACROVIEW INVESTMENT MANAGEMENT LLC
1551867,Litman Gregory Asset Management LLC
1551969,Gilman Hill Asset Management  LLC
1552564,Column Capital Advisors  LLC
1552999,HT Partners LLC
1553562,AMF Pensionsforsakring AB
1553733,Brave Warrior Advisors  LLC
1553936,TYBOURNE CAPITAL MANAGEMENT (HK) LTD
1554179,Turiya Advisors Asia Ltd
1554308,Seven Post Investment Office LP
1554656,Raub Brock Capital Management LP
1554815,PIERSHALE FINANCIAL GROUP  INC.
1554871,Spark Investment Management LLC
1554972,Flowering Tree Investment Management Pte. Ltd.
1555170,Allworth Financial LP
1555283,Kemnay Advisory Services Inc.
1555486,Baltimore-Washington Financial Advisors  Inc.
1555496,G.F.W. Energy X  L.P.
1555512,PRAGMA GESTAO DE PATRIMONIO LTD
1555623,Trivest Advisors Ltd
1555829,Kiwi Wealth Investments Limited Partnership
1556168,Consolidated Investment Group LLC
1556218,Bollard Group LLC
1556245,Sandhill Capital Partners LLC
1556785,Vulcan Value Partners  LLC
1556915,ARGA Investment Management  LP
1556921,VOLORIDGE INVESTMENT MANAGEMENT  LLC
1557017,Capula Management Ltd
1557406,Sippican Capital Advisors
1557485,SNS Financial Group  LLC
1557689,HRS Investment Holdings  LLC
1558313,Prince Street Capital Management LLC
1558481,Arizona State Retirement System
1558858,Falcon Edge Capital  LP
1558971,Tekne Capital Management  LLC
1559077,HOYLECOHEN  LLC
1559311,Deer VIII & Co. Ltd.
1559706,Slate Path Capital LP
1559771,Engaged Capital LLC
1559789,Regal Investment Advisors LLC
1559832,Estate Counselors  LLC
1559968,Regent Investment Management LLC
1559972,Lomas Capital Management  LLC
1560009,Versant Venture Management  LLC
1560207,Legion Partners Asset Management  LLC
1560717,Horizon Investments  LLC
1561089,Marketfield Asset Management LLC
1561790,Thomasville National Bank
1562087,Thiel Macro LLC
1562230,Capital International Investors
1562453,HCSF Management  LLC
1562668,JS Capital Management LLC
1562744,Tesco Pension Investment Ltd
1562855,Clarkston Capital Partners  LLC
1563223,Knowledge Leaders Capital  LLC
1563525,Chicago Partners Investment Group LLC
1563530,Voce Capital Management LLC
1563634,Pachira Investments Inc.
1563690,Boltwood Capital Management
1564702,PDT Partners  LLC
1564770,Oxbow Advisors  LLC
1564835,ASAHI LIFE ASSET MANAGEMENT CO.  LTD.
1565061,DSAM Partners (London) Ltd
1565316,Snow Lake Capital (HK) Ltd
1565432,Selkirk Management LLC
1565683,EnCap Energy Capital Fund IX  L.P.
1565854,Zimmer Partners  LP
1565951,DC Investments Management  LLC
1566030,INVESTMENT HOUSE LLC
1566089,LDR Capital Management LLC
1566113,Court Place Advisors  LLC
1566414,SignalPoint Asset Management  LLC
1566475,Cerity Partners LLC
1566493,Newman Dignan & Sheerar  Inc.
1566531,Spectrum Financial Alliance Ltd LLC
1566601,FDx Advisors  Inc.
1566653,Eqis Capital Management  Inc.
1566691,RIVULET CAPITAL  LLC
1566728,Capital Wealth Planning  LLC
1566801,Aft  Forsyth & Sober  LLC
1566887,Ratan Capital Management LP
1566968,WOOSTER CORTHELL WEALTH MANAGEMENT  INC.
1567163,Edge Wealth Management LLC
1567195,Incline Global Management LLC
1567634,Buckingham Capital Management  Inc.
1567641,MANOR ROAD CAPITAL PARTNERS  LLC
1567738,Sensible Financial Planning & Management  LLC.
1567752,BLOOM TREE PARTNERS  LLC
1567755,Private Advisor Group  LLC
1567784,Carroll Financial Associates  Inc.
1567889,Telos Capital Management  Inc.
1567890,Redmond Asset Management  LLC
1567912,Somerset Group LLC
1567992,BTG Pactual Global Asset Management Ltd
1567993,Colonial Trust Advisors
1568068,JFS WEALTH ADVISORS  LLC
1568132,Financial Management Professionals  Inc.
1568235,King Wealth
1568280,BW Gestao de Investimentos Ltda.
1568289,Princeton Portfolio Strategies Group LLC
1568298,Corbenic Partners LLC
1568303,West Family Investments  Inc.
1568389,Merriman Wealth Management  LLC
1568540,Sather Financial Group Inc
1568541,AOZORA BANK  LTD.
1568555,Monarch Partners Asset Management LLC
1568621,Broad Run Investment Management  LLC
1568787,Warren Averett Asset Management  LLC
1568788,Palestra Capital Management LLC
1568890,Hochman Cole Investment Advisors  Inc.
1568891,Covey Capital Advisors  LLC
1568939,HITE Hedge Asset Management LLC
1569036,Covington Investment Advisors Inc.
1569049,LIGHT STREET CAPITAL MANAGEMENT  LLC
1569064,SUVRETTA CAPITAL MANAGEMENT  LLC
1569071,ACG Wealth
1569099,Stearns Financial Services Group
1569100,Adirondack Research & Management Inc.
1569102,A. D. Beadell Investment Counsel  Inc.
1569118,JNBA Financial Advisors
1569119,Strategic Advisors LLC
1569136,Ergoteles LLC
1569137,Grandeur Peak Global Advisors  LLC
1569139,High Falls Advisors  Inc
1569141,Alley Co LLC
1569147,PL Capital Advisors  LLC
1569148,Murphy Pohlad Asset Management LLC
1569174,Osher Van de Voorde Investment Management
1569175,Tiger Eye Capital LLC
1569205,Fundsmith LLP
1569241,Newtyn Management  LLC
1569292,Lenox Wealth Advisors  LLC
1569352,NEW SILK ROAD INVESTMENT PTE LTD
1569356,NINE MASTS CAPITAL Ltd
1569395,Mirae Asset Global Investments Co.  Ltd.
1569411,Addenda Capital Inc.
1569452,Advocacy Wealth Management Services  LLC
1569453,F&V Capital Management  LLC
1569454,American Asset Management Inc.
1569518,Kinneret Advisory  LLC
1569532,VISTA EQUITY PARTNERS MANAGEMENT  LLC
1569537,BEACONLIGHT CAPITAL  LLC
1569606,INVESTMENTAKTIENGESELLSCHAFT FUER LANGFRISTIGE INVESTOREN TGV
1569633,Rizvi Traverse Management  LLC
1569638,M Holdings Securities  Inc.
1569650,BANK OZK
1569655,Winfield Associates  Inc.
1569667,OARSMAN CAPITAL  INC.
1569688,Kerrisdale Advisers  LLC
1569709,ICONIQ Capital  LLC
1569740,Tinicum Inc
1569758,Carmignac Gestion
1569765,Paragon Capital Management Ltd
1569766,Camelot Portfolios  LLC
1569833,Rothschild Capital Partners  LLC
1569855,Janney Capital Management LLC
1569857,Overlook Holdings Ltd
1569884,RPg Family Wealth Advisory  LLC
1570251,Goldstein Munger & Associates
1570253,QV Investors Inc.
1570296,Fernwood Investment Management  LLC
1570396,Lipe & Dalton
1570598,Lyon Street Capital  LLC
1571075,Cunning Capital Partners  LP
1571556,Pure Financial Advisors  Inc.
1571669,PERSONAL CAPITAL ADVISORS CORP
1572664,BERYLSON CAPITAL PARTNERS  LLC
1572748,Marathon Trading Investment Management LLC
1572838,Empirical Finance  LLC
1573274,Mayfield XIII Management (UGP)  Ltd.  a Cayman Islands Exempted Co.
1573311,Alexandria Capital  LLC
1573767,HAMILTON LANE ADVISORS LLC
1573876,Advisory Services Network  LLC
1573913,Foundry Partners  LLC
1574010,Lowe Wealth Advisors  LLC
1574408,LVZ Advisors  Inc.
1574717,Hengistbury Investment Partners LLP
1574886,Teewinot Capital Advisers  L.L.C.
1574947,COMGEST GLOBAL INVESTORS S.A.S.
1575129,SEVEN EIGHT CAPITAL  LP
1575151,TIEMANN INVESTMENT ADVISORS  LLC
1575239,Perigon Wealth Management  LLC
1575301,Beacon Capital Management  Inc.
1575444,Horton Capital Management  LLC
1575581,Segment Wealth Management  LLC
1575662,Lionstone Capital Management LLC
1575677,FLOSSBACH VON STORCH AG
1576053,LVW Advisors  LLC
1576102,Blue Fin Capital  Inc.
1576151,EXENCIAL WEALTH ADVISORS  LLC
1576209,Carve CapitalAB
1576422,D.C. Capital Advisors  Ltd
1576497,OMNI PARTNERS LLP
1576584,Aveo Capital Partners  LLC
1576654,Rikoon Group  LLC
1576707,Veritas Investment Management LLP
1576762,Advisory Alpha  LLC
1577001,W.G. Shaheen & Associates DBA Whitney & Co
1577133,Greenwoods Asset Management Ltd
1577216,APERIMUS CAPITAL  LLC
1577524,Sarissa Capital Management LP
1577552,Alibaba Group Holding Limited
1577774,VGI Partners Ltd
1577806,SQUADRA INVESTMENTS - GESTAO DE RECURSOS LTDA.
1577919,Yorktown Energy Partners X  L.P.
1577920,Veritas Investment Management (UK) Ltd
1578177,Hood River Capital Management LLC
1578242,Circle Wealth Management  LLC
1578299,DLD Asset Management  LP
1578370,Madrona Financial Services  LLC
1578472,Cerebellum GP  LLC
1578621,LMR Partners LLP
1578684,Abdiel Capital Advisors  LP
1578973,TRV GP  LLC
1578985,Cumberland Partners Ltd
1579111,Wolf Group Capital Advisors
1579254,East Coast Asset Management  LLC.
1579668,Matarin Capital Management  LLC
1580162,Chicago Capital Management  LLC
1580212,Strategic Global Advisors  LLC
1580572,Eos Focused Equity Management  L.P.
1580830,Alpha Cubed Investments  LLC
1581219,Foresite Capital Management I  LLC
1581298,Carlson Capital Management
1581465,Addison Capital Co
1581641,Tuttle Tactical Management
1581655,Alpine Global Management  LLC
1581793,Hefren-Tillotson  Inc.
1581811,Egerton Capital (UK) LLP
1582090,Sachem Head Capital Management LP
1582151,NAPLES GLOBAL ADVISORS  LLC
1582202,Swiss National Bank
1582384,Wildcat Capital Management  LLC
1582561,Blackhawk Capital Partners LLC.
1582633,Kiltearn Partners LLP
1582635,BlueMar Capital Management  LLC
1582681,Alaska Permanent Fund Corp
1582732,Capital Investment Advisors  LLC
1582813,New England Private Wealth Advisors LLC
1582844,ACUTA CAPITAL PARTNERS  LLC
1582968,Polaris Wealth Advisory Group  LLC
1583092,Main Management LLC
1583104,LifePlan Financial Group  Inc
1583119,DAVIS CAPITAL PARTNERS  LLC
1583672,Central Asset Investments & Management Holdings (HK) Ltd
1583751,TCI Wealth Advisors  Inc.
1583825,Lone Star Global Acquisitions  Ltd.
1583977,Cormorant Asset Management  LP
1584086,Horan Capital Advisors  LLC.
1584087,1492 Capital Management LLC
1584289,1922 Investment Co LLC
1584639,Yakira Capital Management  Inc.
1584686,Kentucky Retirement Systems Insurance Trust Fund
1584691,Global Alpha Capital Management Ltd.
1584728,Stone Ridge Asset Management LLC
1584801,YCG  LLC
1585045,Tillar-Wenstrup Advisors  LLC
1585047,Columbia Asset Management
1585550,Parkside Advisors LLC
1585822,Winch Advisory Services  LLC
1585828,FOUNDERS CAPITAL MANAGEMENT  LLC
1585859,Miracle Mile Advisors  LLC
1586052,Focused Wealth Management  Inc
1586678,Balentine LLC
1586767,SRS Capital Advisors  Inc.
1586986,Electron Capital Partners  LLC
1587114,EcoR1 Capital  LLC
1587143,SV Health Investors  LLC
1587192,Blume Capital Management  Inc.
1587281,Virtus ETF Advisers LLC
1587381,USS Investment Management Ltd
1587643,Nepsis  Inc.
1587836,SVA Wealth Management  LLC
1587973,State of Tennessee  Treasury Department
1588225,Heronetta Management  L.P.
1588456,Private Capital Management  LLC
1588539,First Horizon Advisors  Inc.
1588871,Oakworth Capital  Inc.
1588873,Municipal Employees' Retirement System of Michigan
1589115,Emergence GP Partners  LLC
1589176,SPX Equities Gestao de Recursos Ltda
1589282,Fort Point Capital Partners LLC
1589570,Water Oak Advisors LLC
1589689,MYDA Advisors LLC
1589943,Stone House Capital Management  LLC
1590073,Arbor Investment Advisors  LLC
1590144,PURA VIDA INVESTMENTS  LLC
1590228,Interval Partners  LP
1590491,Telemus Capital  LLC
1590531,Foxhaven Asset Management  LP
1591068,VIRTUS ALTERNATIVE INVESTMENT ADVISERS  INC.
1591097,Harvest Investment Services  LLC
1591122,Heritage Wealth Advisors
1591307,Sound Point Capital Management  LP
1591377,Oppenheimer & Close  LLC
1591379,BEACON FINANCIAL GROUP
1591505,Swan Global Investments  LLC
1591546,Pacific Ridge Capital Partners  LLC
1591590,AGF Investments America Inc.
1591744,Shellback Capital  LP
1591902,Quantitative Systematic Strategies LLC
1591986,Aquilo Capital Management  LLC
1592178,Chicago Wealth Management  Inc.
1592413,Strategy Capital LLC
1592579,Trinity Street Asset Management LLP
1592613,Formidable Asset Management  LLC
1592614,Dempze Nancy E
1592615,Page Arthur B
1592616,Notis-McConarty Edward
1592643,Select Equity Group  L.P.
1592746,Fullerton Fund Management Co Ltd.
1592828,Empowered Funds  LLC
1593038,Coyle Financial Counsel LLC
1593051,Retirement Systems of Alabama
1593324,Penserra Capital Management LLC
1593387,GeoWealth Management  LLC
1593404,G2 Investment Partners Management LLC
1593410,Claar Advisors LLC
1593440,Apple Tree Partners IV  L.P.
1593600,Riverview Trust Co
1593688,M. Kraus & Co
1593842,Surevest  LLC
1594061,Cordasco Financial Network
1594167,JABODON PT CO
1594320,Coronation Fund Managers Ltd.
1594492,Field & Main Bank
1594540,PEAVINE CAPITAL  LLC
1594585,AO Asset Management  LP
1594870,COASTAL INVESTMENT MANAGEMENT  L.P.
1594912,Foresite Capital Management II  LLC
1595077,Waterfront Capital Partners  LLC
1595082,Davidson Kempner Capital Management LP
1595124,Napier Park Global Capital (US) LP
1595509,Iron Financial  LLC
1595521,Aristides Capital LLC
1595533,Summit Street Capital Management  LLC
1595683,CROSBY Co OF NEW HAMPSHIRE LLC
1595725,Rock Springs Capital Management LP
1595849,Sessa Capital IM  L.P.
1595851,Ghost Tree Capital  LLC
1595853,Swift Run Capital Management  LLC
1595855,Opaleye Management Inc.
1595880,Junto Capital Management LP
1595888,JANE STREET GROUP  LLC
1595907,HGI Capital Management  LLC
1595932,GUARDIAN POINT CAPITAL  LP
1595951,Emso Asset Management Ltd
1596053,Arosa Capital Management LP
1596055,Silver Lake Advisory  LLC
1596077,New England Research & Management  Inc.
1596355,Asset Management Advisors  LLC
1596452,Sivik Global Healthcare LLC
1596468,Almitas Capital LLC
1596510,PARK PRESIDIO CAPITAL LLC
1596586,Coltrane Asset Management L.P.
1596800,Connor  Clark & Lunn Investment Management Ltd.
1596901,Pettee Investors  Inc.
1596906,Keystone Financial Planning  Inc.
1596920,D. SCOTT NEAL  INC.
1596957,Financial Advisory Service  Inc.
1597089,Loudon Investment Management  LLC
1597099,Somerset Trust Co
1597200,PECAUT & CO.
1597298,Verity Asset Management  Inc.
1597409,Winslow  Evans & Crocker  Inc.
1597690,Trust Investment Advisors
1597691,Paradigm Financial Advisors  LLC
1597694,MUFG Securities EMEA plc
1597741,Zeal Asset Management Ltd
1597823,Parkwood LLC
1597843,PEDDOCK CAPITAL ADVISORS  LLC
1597857,Hartree Partners  LP
1597864,Euclidean Technologies Management  LLC
1597878,Capital Advisors  Ltd. LLC
1598011,Moreno Evelyn V
1598013,Three Peaks Capital Management  LLC
1598102,Biltmore Wealth Management  LLC
1598177,HOERTKORN RICHARD CHARLES
1598180,Waldron Private Wealth LLC
1598186,Checchi Capital Advisers  LLC
1598244,GLENVIEW STATE BANK TRUST DEPT.
1598245,Lodge Hill Capital  LLC
1598304,GM Advisory Group  Inc.
1598340,EFG Asset Management (Americas) Corp.
1598348,CWH Capital Management  Inc.
1598352,R.H. Dinel Investment Counsel  Inc.
1598379,WILSEY ASSET MANAGEMENT INC
1598416,Astor Investment Management LLC
1598550,E&G Advisors  LP
1598561,JJJ Advisors Inc.
1598611,Friedenthal Financial
1598697,Gulf International Bank (UK) Ltd
1598806,LJ TRUST Co LLC
1598841,Advisors Preferred  LLC
1598843,Tensile Capital Management LLC
1599016,Rench Wealth Management  Inc.
1599054,Bouchey Financial Group Ltd
1599084,Cranbrook Wealth Management  LLC
1599170,FJ Capital Management LLC
1599210,STRINGER ASSET MANAGEMENT  LLC
1599212,NewFocus Financial Group  LLC
1599217,Capstone Financial Advisors  Inc.
1599273,Wunderlich Capital Managemnt
1599275,WALNUT PRIVATE EQUITY PARTNERS  LLC
1599330,Joel Isaacson & Co.  LLC
1599383,WINDACRE PARTNERSHIP LLC
1599390,HWG Holdings LP
1599466,Gagnon Advisors  LLC
1599468,Crossvault Capital Management LLC
1599469,BANK PICTET & CIE (ASIA) LTD
1599511,Tortoise Investment Management  LLC
1599562,Granite Point Capital Management  L.P.
1599576,Pictet North America Advisors SA
1599579,Plancorp  LLC
1599584,Brookstone Capital Management
1599603,Tarbox Family Office  Inc.
1599620,Blue Edge Capital  LLC
1599623,Shoker Investment Counsel  Inc.
1599637,Permanens Capital L.P.
1599670,Barbara Oil Co.
1599719,Mivtachim The Workers Social Insurance Fund Ltd. (Under Special Management)
1599731,Atika Capital Management LLC
1599746,Hamilton Point Investment Advisors  LLC
1599747,Dynamic Advisor Solutions LLC
1599749,Covenant Multifamily Offices  LLC
1599760,HAMEL ASSOCIATES  INC.
1599793,GRATIA CAPITAL  LLC
1599795,ROBINSON CAPITAL MANAGEMENT  LLC
1599813,Reilly Herbert Faulkner III
1599814,Kopernik Global Investors  LLC
1599822,Point72 Hong Kong Ltd
1599852,Holt Capital Advisors  L.L.C. dba Holt Capital Partners  L.P.
1599858,Michael & Susan Dell Foundation
1599863,Northeast Financial Consultants Inc
1599868,Nelson  Van Denburg & Campbell Wealth Management Group  LLC
1599882,Rhenman & Partners Asset Management AB
1599883,Majedie Asset Management Ltd
1599892,B. Riley Wealth Management  Inc.
1599900,Sequoia Financial Advisors  LLC
1599904,Sullivan  Bruyette  Speros & Blaney  LLC
1599923,Community Bank of Raymore
1599950,Amica Retiree Medical Trust
1599955,Millennium TVP Management Co.  LLC
1600004,First Light Asset Management  LLC
1600011,Cartica Management  LLC
1600025,Matrix VIII US Management Co. LLC
1600035,Stonebridge Capital Advisors LLC
1600052,Peninsula Wealth  LLC
1600064,Toroso Investments  LLC
1600085,American Money Management  LLC
1600133,13D Management LLC
1600136,Clearline Capital LP
1600145,Van Hulzen Asset Management  LLC
1600151,Arete Wealth Advisors  LLC
1600152,Bellecapital International Ltd.
1600189,Meritech Capital Associates IV  L.L.C.
1600285,BlueSpruce Investments  LP
1600307,SIGNET FINANCIAL MANAGEMENT  LLC
1600327,CAHILL FINANCIAL ADVISORS INC
1600403,CKW FINANCIAL GROUP
1600435,Wakefield Asset Management LLLP
1600583,Elizabeth Park Capital Advisors  Ltd.
1600585,Mendel Money Management
1600698,ARMOR ADVISORS  L.L.C.
1600746,Eagle Capital Management  LLC
1600999,Managed Asset Portfolios  LLC
1601086,ARMISTICE CAPITAL  LLC
1601160,ARAVT GLOBAL LLC
1601348,Riggs Asset Managment Co. Inc.
1601384,Allen Capital Group  LLC
1601407,Troy Asset Management Ltd
1601489,Stanley-Laman Group  Ltd.
1601530,Accel XII Associates L.L.C.
1601539,CHICAGO TRUST Co NA
1601622,LBJ Family Wealth Advisors  Ltd.
1601742,Private Ocean  LLC
1601904,BECK CAPITAL MANAGEMENT  LLC
1602020,Anfield Capital Management  LLC
1602119,1060 Capital  LLC
1602189,Dragoneer Investment Group  LLC
1602198,Capital Impact Advisors  LLC
1602237,IPG Investment Advisors LLC
1602476,Lumbard & Kellner  LLC
1602603,Family Firm  Inc.
1602730,Abacus Planning Group  Inc.
1602905,MCF Advisors LLC
1602987,BOARDMAN BAY CAPITAL MANAGEMENT LLC
1603001,Malaga Cove Capital  LLC
1603142,First Western Capital Management Co
1603276,Bishop & Co Investment Management  LLC
1603328,FORSTA AP-FONDEN
1603419,AH Equity Partners IV (Parallel)  L.L.C.
1603465,Cubist Systematic Strategies  LLC
1603466,Point72 Asset Management  L.P.
1603837,Ion Asset Management Ltd.
1603935,Aviva Holdings Ltd.
1603937,SCHNIEDERS CAPITAL MANAGEMENT LLC
1604350,Glendon Capital Management LP
1604488,Vivaldi Asset Management  LLC
1604723,RKL Wealth Management LLC
1604831,Millrace Asset Group  Inc.
1604867,Solas Capital Management  LLC
1604873,SUMMER ROAD LLC
1604903,TrimTabs Asset Management  LLC
1605070,Bienville Capital Management  LLC
1605522,St. Johns Investment Management Company  LLC
1605911,Jackson Square Partners  LLC
1606074,Svennilson Peter
1606134,SCHOLTZ & COMPANY  LLC
1606152,Hikari Power Ltd
1606430,Two Creeks Capital Management  LP
1606477,Tikvah Management LLC
1606507,Arlington Capital Management  Inc.
1606588,One Capital Management  LLC
1606609,Archford Capital Strategies  LLC
1606666,Fort Sheridan Advisors LLC
1606716,Taylor Wealth Management Partners
1606720,NYL Investors LLC
1606810,Confluence Wealth Management LLC
1607239,Moors & Cabot  Inc.
1607278,Whetstone Capital Advisors  LLC
1607355,MARK SHEPTOFF FINANCIAL PLANNING  LLC
1607597,Newport Asia LLC
1607636,EagleClaw Capital Managment  LLC
1607825,Gemmer Asset Management LLC
1607841,SC US (TTGP)  LTD.
1607866,FAGAN ASSOCIATES  INC.
1607925,ISZO CAPITAL MANAGEMENT LP
1607978,Motley Fool Wealth Management  LLC
1608046,National Pension Service
1608057,Curbstone Financial Management Corp
1608108,Ardevora Asset Management LLP
1608126,Finepoint Capital LP
1608179,Syntal Capital Partners  LLC
1608376,Trust Asset Management LLC
1608485,LANSDOWNE PARTNERS (UK) LLP
1608531,Grassi Investment Management
1608604,Probabilities Fund Management  LLC
1608826,Integrated Capital Management  Inc.
1608856,Spark Growth Management Partners LLC
1608904,SailingStone Capital Partners LLC
1609021,IDG China Venture Capital Fund IV Associates L.P.
1609074,HAWK RIDGE CAPITAL MANAGEMENT LP
1609098,Darsana Capital Partners LP
1609251,Krensavage Asset Management  LLC
1609674,Mengis Capital Management  Inc.
1610189,YT Extraction Co Investment Partners  LP
1610520,UBS Group AG
1610769,CAPROCK Group  Inc.
1610880,BlueCrest Capital Management Ltd
1611457,NumerixS Investment Technologies Inc
1611518,Wealth Architects  LLC
1611519,PARUS FINANCE (UK) Ltd
1611613,Hitchwood Capital Management LP
1611734,KPCB XVI Associates  LLC
1611737,KPCB DGF II Associates  LLC
1611751,Index Venture Associates V Ltd
1611848,BTC Capital Management  Inc.
1612041,Burt Wealth Advisors
1612063,WINTON GROUP Ltd
1612389,Resolution Capital Ltd
1612865,Stratos Wealth Partners  LTD.
1613331,Fragasso Group Inc.
1614073,TRV GP II  LLC
1614660,NORWEST VENTURE PARTNERS XII  LP
1614704,RIVERPARK CAPITAL MANAGEMENT LLC
1614986,Boussard & Gavaudan Investment Management LLP
1615135,Ironsides Asset Advisors  LLC
1615423,Compagnie Lombard Odier SCmA
1615717,Triad Investment Management
1615982,VR Adviser  LLC
1616004,S. R. Schill & Associates
1616009,Somerset Capital Management LLP
1616026,Tradewinds Capital Management  LLC
1616034,HighPoint Advisor Group LLC
1616051,KLS Diversified Asset Management LP
1616081,Founders Fund IV Management  LLC
1616168,GVO Asset Management Ltd
1616328,Garde Capital  Inc.
1616416,BARDIN HILL MANAGEMENT PARTNERS LP
1616454,NextCapital Advisers  Inc.
1616525,CHARTWELL INVESTMENT PARTNERS  LLC
1616628,Wilshire Associates Inc
1616654,NEXT Financial Group  Inc
1616659,HARBERT FUND ADVISORS  INC.
1616664,Raab & Moskowitz Asset Management LLC
1616667,Pacer Advisors  Inc.
1616882,Alden Global Capital LLC
1617201,Prosight Management  LP
1618205,Birchview Capital  LP
1618366,Silver Spur Capital  LLC
1618376,MAGNOLIA GROUP  LLC
1618824,Muzinich & Co.  Inc.
1618872,BHZ CAPITAL MANAGEMENT  LP
1619083,OGBORNE CAPITAL MANAGEMENT  LLC
1619124,ACTIAM N.V.
1619125,VIEX Capital Advisors  LLC
1619390,Graticule Asia Macro Advisors LLC
1619724,Hansberger Growth Investors  LP
1619779,RiverGlades Family Offices LLC
1619844,Hyperion Asset Management Ltd
1619899,Bramshill Investments  LLC
1620081,Long Road Investment Counsel  LLC
1620133,Formation8 GP II  LLC
1620220,Engineers Gate Manager LP
1620275,Paradice Investment Management LLC
1620943,Davy Global Fund Management Ltd
1621100,Compass Ion Advisors  LLC
1621157,Lexington Partners L.P.
1621225,Merit Financial Group  LLC
1621802,INFRASTRUCTURE CAPITAL ADVISORS  LLC
1621855,Alta Park Capital  LP
1621915,CIDEL ASSET MANAGEMENT INC
1622001,FinTrust Capital Advisors  LLC
1622093,BANBURY PARTNERS LLC
1622346,SHANDA ASSET MANAGEMENT HOLDINGS Ltd
1622431,McNamara Financial Services  Inc.
1622757,Elite Wealth Management  Inc.
1622820,Rosenbaum Jay D.
1622852,Genovese Burford & Brothers Wealth & Retirement Plan Management  LLC
1622904,Nalanda India Equity Fund Ltd
1623210,Lighthouse Financial Advisors  Inc.
1623580,FS Capital Partners VI  LLC
1623624,PSquared Asset Management AG
1623678,PLIMOTH TRUST CO LLC
1623707,Alliance Wealth Management Group
1623796,Crawford Lake Capital Management  LLC
1623883,EXANE DERIVATIVES
1624049,Marlowe Partners LP
1624050,University of Maryland Foundation  Inc.
1624095,Tenzing Global Management  LLC
1624510,FINANCIAL CONSULATE  INC
1624729,GYROSCOPE CAPITAL MANAGEMENT GROUP  LLC
1624758,Capital Analysts  LLC
1624809,EisnerAmper Wealth Management Corporate Benefits  LLC
1624865,Barber Financial Group  Inc.
1625244,C WorldWide Group Holding A/S
1625246,Summit Financial Strategies  Inc.
1625292,Argent Trust Co
1625800,Strid Group  LLC
1625959,Arvest Bank Trust Division
1625986,Gibraltar Capital Management  Inc.
1626116,BOSTON PRIVATE WEALTH LLC
1626220,Greenhouse Funds LLLP
1626282,Technology Crossover Management VIII  Ltd.
1626379,Evanson Asset Management  LLC
1626494,Mork Capital Management  LLC
1626632,Biltmore Capital Advisors LLC
1626691,American Assets Capital Advisers  LLC
1626757,NIXON PEABODY TRUST CO
1626982,FormulaFolio Investments  LLC
1627003,Insight Wealth Partners  LLC
1627417,Verger Capital Management LLC
1627436,Sylebra Capital Ltd
1627608,Monashee Investment Management LLC
1628110,Melvin Capital Management LP
1628896,Capital Advantage  Inc.
1629283,Bluescape Energy Partners LLC
1629290,Verde Servicos Internacionais S.A.
1629649,NORTHWESTERN MUTUAL INVESTMENT MANAGEMENT COMPANY  LLC
1629680,Karp Capital Management Corp
1629869,Polunin Capital Partners Ltd
1629931,Teamwork Financial Advisors  LLC
1629984,Crescent Park Management  L.P.
1629996,Alken Asset Management Ltd.
1630064,Lancaster Investment Management
1630243,Nitorum Capital  L.P.
1630360,Ironwood Financial  llc
1630363,PM CAPITAL Ltd
1630365,AIMZ Investment Advisors  LLC
1630413,Venator Capital Management Ltd.
1630691,Pine Brook Road Advisors  L.P.
1630709,DRH Investments  Inc.
1630806,Newfound Research LLC
1630888,SG3 Management  LLC
1630939,Boston Standard Wealth Management  LLC
1631014,ALTAROCK PARTNERS LLC
1631052,Northside Capital Management  LLC
1631054,Creegan & Nassoura Financial Group  LLC
1631084,JRM Investment Counsel  LLC
1631134,Sofinnova Investments  Inc.
1631185,Mercer Capital Advisers  Inc.
1631208,Credit Capital Investments LLC
1631353,Dakota Wealth Management
1631408,Northstar Group  Inc.
1631507,Leisure Capital Management
1631543,Raine Capital LLC
1631562,CCLA Investment Management Ltd
1631614,New Leaf Venture Partners  L.L.C.
1631639,Barry Investment Advisors  LLC
1631664,Punch Card Management L.P.
1631738,Bray Capital Advisors
1631773,Concorde Asset Management  LLC
1631775,Godshalk Welsh Capital Management  Inc.
1631864,Pinnacle Wealth Management Advisory Group  LLC
1631930,Neumann Capital Management  LLC
1631941,Capital Planning Advisors  LLC
1631943,Point Break Capital Management  LLC
1632078,Spectrum Asset Management  Inc. (NB/CA)
1632096,JACOBSON & SCHMITT ADVISORS  LLC
1632097,NorthRock Partners  LLC
1632105,MITCHELL MCLEOD PUGH & WILLIAMS INC
1632108,Lagoda Investment Management  L.P.
1632118,BONTEMPO OHLY CAPITAL MGMT LLC
1632187,Community Bank  N.A.
1632253,Brick & Kyle  Associates
1632283,Summit Financial Wealth Advisors  LLC
1632341,Belvedere Trading LLC
1632368,Prospect Capital Advisors  LLC
1632407,Willow Creek Wealth Management Inc.
1632512,Peak Asset Management  LLC
1632539,TCG Advisors  LP
1632548,Castleton Investment Management LLC
1632549,Ruggie Capital Group
1632551,Bayesian Capital Management  LP
1632553,Eukles Asset Management
1632554,Trust Co
1632574,Ward Ferry Management (BVI) Ltd
1632665,Taylor Frigon Capital Management LLC
1632715,Ashe Capital Management  LP
1632801,Blue Chip Partners  Inc.
1632802,BUTENSKY & COHEN FINANCIAL SECURITY  INC
1632810,OPSEU Pension Plan Trust Fund
1632813,CMT Capital Markets Trading GmbH
1632866,JUNCTURE WEALTH STRATEGIES  LLC
1632932,Sunbelt Securities  Inc.
1632965,Private Advisory Group LLC
1632968,Wealthquest Corp
1632972,WEALTH ENHANCEMENT ADVISORY SERVICES  LLC
1633024,KWMG  LLC
1633037,Rehmann Capital Advisory Group
1633046,Maven Securities LTD
1633050,Swedbank
1633055,Endurant Capital Management LP
1633172,Lakeview Capital Partners  LLC
1633207,Patten Group  Inc.
1633227,McGowan Group Asset Management  Inc.
1633256,AlphaCrest Capital Management LLC
1633275,Quinn Opportunity Partners LLC
1633288,Towercrest Capital Management
1633313,Avoro Capital Advisors LLC
1633343,Ninety One North America  Inc.
1633362,Simcoe Capital Management  LLC
1633366,MV CAPITAL MANAGEMENT  INC.
1633387,RFG Advisory  LLC
1633389,Koshinski Asset Management  Inc.
1633391,Diana Davis Spencer Foundation
1633445,Trexquant Investment LP
1633446,Mirador Capital Partners LP
1633448,INSPIRION WEALTH ADVISORS  LLC
1633516,GWM Advisors LLC
1633517,FORT  L.P.
1633603,All-Stars Investment Ltd
1633624,Price Capital Management  Inc.
1633625,IAT REINSURANCE CO LTD.
1633648,Quaker Capital Investments  LLC
1633673,Bruderman Asset Management  LLC
1633674,AllSquare Wealth Management LLC
1633677,Spindletop Capital  LLC
1633693,Rampart Investment Management Company  LLC
1633695,Cambridge Advisors Inc.
1633697,Sowell Financial Services LLC
1633703,12th Street Asset Management Company  LLC
1633716,USA Financial Portformulas Corp
1633799,Nishkama Capital  LLC
1633857,AlphaStar Capital Management  LLC
1633861,Intersect Capital LLC
1633862,Lincoln Capital LLC
1633869,First Personal Financial Services
1633896,Cypress Capital Management LLC (WY)
1633901,Betterment LLC
1633903,RIVER & MERCANTILE LLC
1633910,Hedeker Wealth  LLC
1633911,Aristotle Capital Boston  LLC
1633969,Cryder Capital Partners LLP
1634047,Vident Investment Advisory  LLC
1634083,C Partners Holding GmbH
1634119,Karst Peak Capital Ltd
1634208,Analyst IMS Investment Management Services Ltd.
1634212,Diversified Portfolios  Inc.
1634222,Vontobel Swiss Wealth Advisors AG
1634228,AdvicePeriod  LLC
1634255,Charles-Lim Capital Ltd
1634301,Blue Sky Asset Management  LLC
1634553,Domani Wealth  LLC
1635236,Nine Ten Capital Management LLC
1635342,ETF Portfolio Partners  Inc.
1635409,Harbor Spring Capital  LLC
1635523,CLEAR INVESTMENT RESEARCH  LLC
1635663,Steamboat Capital Partners  LLC
1635925,Cloverdale Capital Management  LLC
1635999,Think Investments LP
1636441,Immersion Capital LLP
1636722,EnCap Energy Capital Fund X  L.P.
1636974,THUNDERBIRD PARTNERS LLP
1637246,Pensionfund Sabic
1637299,TRV GP III  LLC
1637359,Omega Fund Management  LLC
1637460,Man Group plc
1637541,XPONANCE  INC.
1638022,Elgethun Capital Management
1638049,Donald L. Hagan  LLC
1638081,RWC ASSET ADVISORS (US) LLC
1638520,GFG Capital  LLC
1638555,SUMMIT PARTNERS PUBLIC ASSET MANAGEMENT  LLC
1639101,BFAM Partners (Cayman) Ltd
1639592,Tilden Park Management I LLC
1639666,ISTHMUS PARTNERS  LLC
1639668,SkyBridge Capital II  LLC
1639753,Kranot Hishtalmut Le Morim Ve Gananot Havera Menahelet LTD
1639754,Kranot Hishtalmut Le Morim Tichoniim Havera Menahelet LTD
1639943,WealthPLAN Partners  LLC
1639997,Westhampton Capital  LLC
1640335,Pointe Capital Management LLC
1640361,Otter Creek Advisors  LLC
1640680,Madison International Realty Holdings  LLC
1640801,Park Avenue Institutional Advisers LLC
1640951,Empire Life Investments Inc.
1641438,Financial Enhancement Group LLC
1641440,Landmark Financial Advisors  LLC
1641447,Lavaca Capital LLC
1641604,Alta Fundamental Advisers LLC
1641643,Eliot Finkel Investment Counsel  LLC
1641652,Ropes Wealth Advisors LLC
1641864,Giverny Capital Inc.
1641866,IFP Advisors  Inc
1641992,LGT CAPITAL PARTNERS LTD.
1642044,TradeLink Capital LLC
1642058,Financial Insights  Inc.
1642160,Glassman Wealth Services
1642216,Ayalon Holdings Ltd.
1642246,Sharkey  Howes & Javer
1642274,Empirical Capital Management  LLC
1642305,Roble  Belko & Company  Inc
1642351,Rinet Co LLC
1642570,River Wealth Advisors LLC
1642575,Squarepoint Ops LLC
1642729,WHITE SQUARE CAPITAL LLP
1643354,Lion Point Capital  LP
1643569,CLEARFIELD CAPITAL MANAGEMENT LP
1643792,Svenska Handelsbanken AB (publ)
1643833,BRASADA CAPITAL MANAGEMENT  LP
1644128,Ellevest  Inc.
1644187,Governors Lane LP
1644329,Wela Strategies  Inc.
1644956,WILLIAM BLAIR INVESTMENT MANAGEMENT  LLC
1645157,Foresite Capital Management III  LLC
1645173,ETF MANAGERS GROUP  LLC
1645382,MISSION WEALTH MANAGEMENT  LP
1645721,Divisar Capital Management LLC
1645890,Fiduciary Group LLC
1646247,Sontag Advisory  LLC
1646639,Hamilton Capital  LLC
1646821,D'Orazio & Associates  Inc.
1647251,TCI FUND MANAGEMENT LTD
1647273,Perpetual Ltd
1647363,Keenan Capital  LLC
1648101,Paracle Advisors  LLC
1648711,Baird Financial Group  Inc.
1649107,Moisand Fitzgerald Tamayo  LLC
1649147,Harfst & Associates  Inc.
1649339,Scion Asset Management  LLC
1649451,KESTRA PRIVATE WEALTH SERVICES  LLC
1649647,EDMOND DE ROTHSCHILD HOLDING S.A.
1649888,DORCHESTER WEALTH MANAGEMENT Co
1649910,Relative Value Partners Group  LLC
1650092,Westbourne Investment Advisors  Inc.
1650135,Hosking Partners LLP
1650142,Bristol Gate Capital Partners Inc.
1650150,Lido Advisors  LLC
1650290,Tredje AP-fonden
1650300,Jackson  Grant Investment Advisers  Inc.
1650301,ARP AMERICAS LP
1650303,Performa Ltd (US)  LLC
1650373,TORTOISE INDEX SOLUTIONS  LLC
1650654,Pegasus Partners Ltd.
1650717,QUADRANT CAPITAL GROUP LLC
1650781,AXAR CAPITAL MANAGEMENT L.P.
1651336,Optimal Asset Management  Inc.
1651424,Quadrature Capital Ltd
1651473,Alight Capital Management LP
1651960,Arcus Capital Partners  LLC
1652035,Hayden Royal  LLC
1652062,Tairen Capital Ltd
1652103,Gratus Capital LLC
1652174,Turim 21 Investimentos Ltda.
1652253,Indigo Latam Management LLC
1652327,Harspring Capital Management  LLC
1652348,Genesee Capital Advisors  LLC
1652355,Birch Grove Capital LP
1652442,ANTIPODES PARTNERS Ltd
1652522,Hudson Executive Capital LP
1652529,Trinity Legacy Partners  LLC
1652594,Pensionmark Financial Group  LLC
1653169,Sciencast Management LP
1653199,FFT WEALTH MANAGEMENT LLC
1653202,LGL PARTNERS  LLC
1653253,Stuart Chaussee & Associates  Inc.
1653857,Rovida Advisors Inc.
1653926,First PREMIER Bank
1654033,COOPER/HAIMS ADVISORS  LLC
1654111,Pelham Capital Ltd.
1654175,Proficio Capital Partners LLC
1654198,MEAG MUNICH ERGO AssetManagement GmbH
1654344,Spyglass Capital Management LLC
1654586,Canaan Partners IX LLC
1654599,BEACON INVESTMENT ADVISORY SERVICES  INC.
1654648,CAT ROCK CAPITAL MANAGEMENT LP
1654847,Community Bank & Trust  Waco  Texas
1655006,NWAM LLC
1655140,STRYCKER VIEW CAPITAL LLC
1655183,Mudrick Capital Management  L.P.
1655543,Cavalier Investments  LLC
1655789,Teza Capital Management LLC
1656001,Bishop Rock Capital  L.P.
1656456,APPALOOSA LP
1656537,Regal Wealth Group  Inc.
1656666,Brightworth
1656735,Ownership Capital B.V.
1656866,20/20 Capital Management  Inc.
1657043,KG FUNDS MANAGEMENT  LLC
1657111,NS Partners Ltd
1657134,Asymmetry Capital Management  L.P.
1657260,Spectrum Equity Management  Inc.
1657335,Oakcliff Capital Partners  LP
1657428,Manitou Investment Management Ltd.
1657516,CMH Wealth Management LLC
1657980,Vista Private Wealth Partners. LLC
1658020,Railway Pension Investments Ltd
1658363,Maple Rock Capital Partners Inc.
1658437,Puissance Capital Management LP
1658509,SHAKESPEARE WEALTH MANAGEMENT  INC.
1658535,Orgel Wealth Management  LLC
1659047,Krilogy Financial LLC
1659171,BigSur Wealth Management LLC
1659189,DARRELL & KING LLC
1659203,Capital Investment Advisory Services  LLC
1659346,Deane Retirement Strategies  Inc.
1659815,Kora Management LP
1659851,Cliffwater LLC
1659997,Handelsinvest Investeringsforvaltning
1660071,Truvvo Partners LLC
1660086,Springhouse Capital Management  LP
1660177,Integrated Advisors Network LLC
1660203,BerganKDV Wealth Management  LLC
1660328,Freestate Advisors LLC
1660389,Invictus RG
1660405,Radnor Financial Advisors  LLC
1660694,GSB Wealth Management  LLC
1660963,H&F Corporate Investors VII  Ltd.
1661140,Oribel Capital Management  LP
1661144,St. Louis Trust Co
1661149,V Wealth Advisors LLC
1661191,Hunt Lane Capital LP
1661222,Ashburton (Jersey) Ltd
1661462,Tamarack Advisers  LP
1661580,Ilmarinen Mutual Pension Insurance Co
1661655,Nut Tree Capital Management  LP
1661762,Oak Grove Capital LLC
1662212,Grove Bank & Trust
1662449,Klingman & Associates  LLC
1662906,Atalan Capital Partners  LP
1662970,Key Square Capital Management LLC
1663224,Darwin Advisors  LLC
1663368,Alambic Investment Management  L.P.
1663649,YOUNGS ADVISORY GROUP  INC.
1663865,Orbis Allan Gray Ltd
1663897,FORT PITT CAPITAL GROUP  LLC
1663900,Sunriver Management LLC
1664017,Packer & Co Ltd
1664147,Colorado Capital Management  Inc.
1664193,Aptus Capital Advisors  LLC
1664214,Clarius Group  LLC
1664324,Mandatum Life Insurance Co Ltd
1664385,CAPITAL INSIGHT PARTNERS  LLC
1664492,Tiger Pacific Capital LP
1664503,Cardan Capital Partners  LLC
1664656,Curtis Advisory Group  LLC
1664713,Intermede Investment Partners Ltd
1664741,Brown University
1664771,Sitrin Capital Management LLC
1664772,Highland Private Wealth Management
1664847,Armbruster Capital Management  Inc.
1664864,Sugarloaf Wealth Management  LLC
1665012,NAYA CAPITAL MANAGEMENT UK LTD
1665018,Chandler Asset Management  Inc.
1665077,Sand Grove Capital Management LLP
1665198,Kovitz Investment Group Partners  LLC
1665199,StrategIQ Financial Group  LLC
1665241,Schonfeld Strategic Advisors LLC
1665302,Cottage Street Advisors LLC
1665337,Integrated Investment Consultants  LLC
1665359,Schneider Downs Wealth Management Advisors  LP
1665446,HOME FEDERAL BANK OF TENNESSEE
1665518,PHYSICIANS FINANCIAL SERVICES  INC.
1665589,Johanson Financial Advisors  Inc.
1665590,Engine Capital Management  LP
1665605,3EDGE Asset Management  LP
1665633,Alpha Omega Wealth Management LLC
1665642,Cedar Wealth Management  LLC
1665744,Accel Growth Fund IV Associates L.L.C.
1665751,BRILLIANCE ASSET MANAGEMENT Ltd
1665853,Steel Canyon Capital  LLC
1665887,SQN Investors LP
1665925,Ariose Capital Management Ltd
1665976,Coastal Bridge Advisors  LLC
1666024,Capital Asset Advisory Services LLC
1666179,Laurel Wealth Advisors  Inc.
1666239,Oliver Luxxe Assets LLC
1666256,Exane Asset Management
1666335,Rokos Capital Management LLP
1666363,Venturi Wealth Management  LLC
1666470,Baker Chad R
1666472,Calixto Global Investors  LP
1666551,Blue Rock Advisors  LLC
1666572,FirstMark Capital I GP  LLC
1666606,Mint Tower Capital Management B.V.
1666612,Wealthspire Advisors  L.P.
1666613,CONSOLIDATED CAPITAL MANAGEMENT  LLC
1666624,CHARTER RESEARCH & INVESTMENT GROUP  INC.
1666664,RPG Investment Advisory  LLC
1666682,Edenbrook Capital  LLC
1666733,Canal Capital Management  LLC
1666736,Gerber Kawasaki Wealth & Investment Management
1666741,Cetera Investment Advisers
1666746,CEDAR CAPITAL  LLC
1666757,Zions Bancorporation  N.A.
1666786,Traynor Capital Management  Inc.
1666788,Kalos Management  Inc.
1666789,Sheaff Brock Investment Advisors  LLC
1666868,LNZ Capital LP
1666910,Compass Financial Group  Inc.
1666940,Mn Services Vermogensbeheer B.V.
1667019,WIMMER ASSOCIATES 1  LLC
1667074,TRUE Private Wealth Advisors
1667102,Taylor  Cottrill  Erickson & Associates  Inc.
1667132,Well Done  LLC
1667134,CWA Asset Management Group  LLC
1667140,WESCAP Management Group  Inc.
1667146,Ausdal Financial Partners  Inc.
1667163,Cribstone Capital Management  LLC
1667164,Arbor Wealth Management  LLC
1667232,NN Investment Partners Holdings N.V.
1667434,Kiski Partners  LLC
1667553,Rain Capital Management  LLC
1667694,Berkeley Capital Partners  LLC
1667954,Yorktown Energy Partners XI  L.P.
1668155,Edmonds Duncan Registered Investment Advisors  LLC
1668188,WESPAC Advisors SoCal  LLC
1668189,Cornerstone Advisory  LLC
1668256,Matisse Capital
1668453,Asia Research & Capital Management Ltd
1669662,Peak Financial Management  Inc.
1669733,Wellesley Investment Partners  LLC
1670053,Investment Counsel Inc.
1670104,BLS CAPITAL FONDSMAEGLERSELSKAB A/S
1670139,CWM Advisors  LLC
1670627,AGUR PROVIDENT & TRAINING FUNDS MANAGEMENT LTD
1670903,Bridge Creek Capital Management LLC
1671122,Atairos Group  Inc.
1671207,Atlas Venture Associates IX  LLC
1671623,Horan Securities  Inc.
1671657,Dorsey Asset Management  LLC
1671716,Bristlecone Advisors  LLC
1671754,Intrinsic Edge Capital Management LLC
1672067,Kelman-Lazarov  Inc.
1672070,Parker Investment Management  LLC
1672265,PROOF Management  LLC
1672512,Matson Money. Inc.
1672526,Tavio Capital LLC
1672556,Everett Capital Advisors UK LLP
1672594,Douglas Lane & Associates  LLC
1672681,RETIREMENT CAPITAL STRATEGIES
1672775,O'Shares Investment Advisers  LLC
1672829,Greytown Advisors Inc.
1673022,Ascribe Capital LLC
1673228,Canaan Partners X LLC
1673385,Morningstar Investment Management LLC
1673588,VCU Investment Management Co
1673633,Silicon Valley Capital Partners
1673815,INSTITUTIONAL & FAMILY ASSET MANAGEMENT  LLC
1673907,Premier Fund Managers Ltd
1673922,Morris Capital Advisors  LLC
1673954,SevenBridge Financial Group  LLC
1673995,LA FINANCIERE DE L'ECHIQUIER
1674020,HORIZON FINANCIAL SERVICES  LLC
1674114,Glen Point Capital LLP
1674117,Cornerstone Wealth Management  LLC
1674343,Mosaic Family Wealth  LLC
1674350,CCMP Capital GP  LLC
1674486,Simmons Bank
1674546,Bellevue Group AG
1674581,Cable Hill Partners  LLC
1674623,WEALTHSOURCE PARTNERS  LLC
1674705,William Marsh Rice University
1674712,Vivo Capital  LLC
1674784,Silver Rock Financial LP
1675088,TRG Investments  LLC
1675187,Deep Field Asset Management LLC
1675688,Honeycomb Asset Management LP
1675762,Gilbert & Cook  Inc.
1675855,Blue Pool Management Ltd.
1675884,Skye Global Management LP
1676292,Hill Path Capital LP
1676603,Probity Advisors  Inc.
1676623,Edgehill Endowment Partners  LLC
1676924,Enlightenment Research  LLC
1677044,ADVISOR GROUP HOLDINGS  INC.
1677253,Intellectus Partners  LLC
1677501,PERSONAL CFO SOLUTIONS  LLC
1677560,MEMBERS Trust Co
1678378,Mass General Brigham  Inc
1678953,Nicholas Hoffman & Company  LLC.
1679031,RSM US WEALTH MANAGEMENT LLC
1679064,Pinnacle Family Advisors  LLC
1679118,Independence Advisors  LLC
1679543,Phoenix Holdings Ltd.
1679688,Colony Capital  Inc.
1680365,SL Advisors  LLC
1680613,Almanack Investment Partners  LLC.
1680638,Paragon Wealth Strategies  LLC
1680843,Worm Capital  LLC
1680964,SOMA EQUITY PARTNERS LP
1681004,Bell Asset Management Ltd
1681372,Fairbanks Capital Management  Inc.
1681490,Cascade Investment Advisors  Inc.
1681596,Maple-Brown Abbott Ltd
1681662,Athos Capital Ltd
1681822,Founder Collective GP  LLC
1682021,Vivaldi Capital Management  LLC
1682266,Transform Wealth  LLC
1682475,AWH Capital  L.P.
1682501,Harbour Capital Advisors  LLC
1682598,Sapience Investments  LLC
1682677,Strategic Wealth Partners Group LLC
1682733,Riverpoint Wealth Management Holdings  LLC
1683059,Wealthcare Advisory Partners LLC
1683073,Hill Winds Capital LP
1683182,Front Street Capital Management  Inc.
1683297,COMPOSITE CAPITAL MANAGEMENT (HK) Ltd
1683689,Kopp Family Office  LLC
1683754,FC Advisory LLC
1684868,Engle Capital Management  L.P.
1684985,IA Venture Partners  LLC
1685771,EQUITY INVESTMENT CORP
1686242,IBEX WEALTH ADVISORS
1686278,Vantis Investment Advisers L.P.
1686305,Primavera Capital Management Ltd
1686444,LYELL WEALTH MANAGEMENT  LP
1686776,Northcape Capital Pty Ltd
1686844,Value Monitoring  Inc.
1686988,L2 Asset Management  LLC
1687078,MPM ONCOLOGY IMPACT MANAGEMENT LP
1687156,Harbor Advisors LLC
1687241,Castle Hook Partners LP
1687444,Kite Lake Capital Management (UK) LLP
1687470,Pinz Capital Management  LP
1687509,Rubric Capital Management LP
1687832,Copperwynd Financial  LLC
1687953,Winder Investment Pte Ltd
1688184,McMahon Financial Advisors  LLC
1688325,TRV GP IV  LLC
1688382,Fort Baker Capital Management LP
1688511,ThornTree Capital Partners LP
1688519,Corient Capital Partners  LLC
1688666,Knights of Columbus Asset Advisors LLC
1688774,GFI Investment Counsel Ltd.
1688882,Chiron Investment Management  LLC
1688931,REDW Wealth LLC
1689007,Ranger Global Real Estate Advisors  LLC
1689013,JT Stratford LLC
1689144,Legacy Bridge  LLC
1689227,Ascension Capital Advisors  Inc.
1689232,Patton Fund Management  Inc.
1689418,Bodenholm Capital AB
1689470,HMS Capital Management  LLC
1689646,Jacobi Capital Management LLC
1689829,Connecticut Wealth Management  LLC
1689872,RGT Wealth Advisors  LLC
1689874,O'Brien Wealth Partners LLC
1690010,Parallel Advisors  LLC
1690186,black-and-white Capital LP
1690295,Sloy Dahl & Holst  LLC
1690370,Resources Investment Advisors  LLC.
1690531,Clearwater Capital Advisors  LLC
1690717,ELCO Management Co.  LLC
1691766,FLAGSHIP HARBOR ADVISORS  LLC
1691804,Bridgeworth  LLC
1691827,Glenview Trust Co
1691908,Lansing Management LP
1691944,G.F.W. Energy XI  L.P.
1691982,Bowie Capital Management  LLC
1692038,SIMON QUICK ADVISORS  LLC
1692227,Norway Savings Bank
1692234,Russell Investments Group  Ltd.
1692252,ARTHUR M. COHEN & ASSOCIATES  LLC
1692507,Centiva Capital  LP
1692590,Vitruvian Partners LLP
1692632,First Bank & Trust
1692820,Ironwood Wealth Management  LLC.
1693141,Stormborn Capital Management  LLC
1693672,Share Andrew L.
1693745,Anatole Investment Management Ltd
1693750,First Command Bank
1693789,First Command Financial Services  Inc.
1693809,Vantage Financial Partners Ltd.  Inc.
1693838,Ursa Fund Management  LLC
1694079,Armor Investment Advisors  LLC
1694080,Mutual Advisors  LLC
1694126,Harvest Fund Management Co.  Ltd
1694127,LFL Advisers  LLC
1694164,AustralianSuper Pty Ltd
1694165,Lunia Capital LP
1694217,DZ BANK AG Deutsche Zentral Genossenschafts Bank  Frankfurt am Main
1694284,Tandem Investment Advisors  Inc.
1694287,Asset Planning Services  Ltd.
1694297,22NW  LP
1694435,PFG Advisors
1694461,HARVEST GROUP WEALTH MANAGEMENT  LLC
1694592,Pettinga Financial Advisors  LLC
1694620,Copernicus Capital Management  LLC
1694870,PARTNERS CAPITAL INVESTMENT GROUP  LLP
1694883,Patriot Financial Group Insurance Agency  LLC
1694886,Siena Capital Partners GP  LLC
1694895,Mitsubishi UFJ Asset Management (UK) Ltd.
1694896,Benson Investment Management Company  Inc.
1695078,Ambassador Advisors  LLC
1695214,Polianta Ltd
1695320,Periscope Capital Inc.
1695344,NORTHWEST WEALTH MANAGEMENT  LLC
1695345,CONCENTRIC WEALTH MANAGEMENT  LLC
1695426,Courant Investment Management LLC
1695459,Mantle Ridge LP
1695490,McAdam  LLC
1695582,RB Capital Management  LLC
1695648,Numen Capital LLP
1695658,VALUE HOLDINGS MANAGEMENT CO. LLC
1695818,Unison Advisors LLC
1695908,Jentner Corp
1695959,Hapanowicz & Associates Financial Services  Inc
1696064,YorkBridge Wealth Partners  LLC
1696136,Omnia Family Wealth  LLC
1696209,Fusion Family Wealth LLC
1696260,Good Life Advisors  LLC
1696263,Florin Court Capital LLP
1696438,Round Hill Asset Management
1696494,Sicart Associates LLC
1696497,Stone House Investment Management  LLC
1696628,Shepherd Financial Partners LLC
1696656,MANAGED ACCOUNT SERVICES INC
1696704,PELHAM GLOBAL FINANCIALS LTD
1696715,LEVEL FOUR ADVISORY SERVICES  LLC
1696731,New Capital Management LP
1696778,Worth Venture Partners  LLC
1696802,Forefront Analytics  LLC
1696867,Radnor Capital Management  LLC
1696899,Independent Advisor Alliance
1696957,SigFig Wealth Management  LLC
1697013,Eversept Partners  LP
1697024,SJA Financial Advisory  LLC
1697030,Searchlight Capital Partners  L.P.
1697110,GenTrust  LLC
1697137,FACTORIAL MANAGEMENT Ltd
1697162,Chescapmanager LLC
1697233,GQG Partners LLC
1697267,Aristotle Atlantic Partners  LLC
1697274,NVWM  LLC
1697300,Meridian Wealth Management  LLC
1697303,Beirne Wealth Consulting Services  LLC
1697323,Greenline Partners  LLC
1697360,Perennial Advisors  LLC
1697366,PIER 88 INVESTMENT PARTNERS LLC
1697375,Farmers & Merchants Trust Co of Chambersburg PA
1697398,Hunting Hill Global Capital  LLC
1697457,CPWM  LLC
1697478,Fortis Advisors  LLC
1697490,IHT Wealth Management  LLC
1697493,Symmetry Partners  LLC
1697539,John W. Rosenthal Capital Management  Inc.
1697551,Kayak Investment Partners LLC
1697569,SOF Ltd
1697591,CAS Investment Partners  LLC
1697597,Hudson Way Capital Management LLC
1697646,Abbrea Capital  LLC
1697665,SAPPHIRE VENTURES  L.L.C.
1697715,HCR Wealth Advisors
1697717,Covenant Asset Management  LLC
1697719,KCS Wealth Advisory
1697720,INTERWEST VENTURE MANAGEMENT CO
1697721,Seafarer Capital Partners  LLC
1697723,AE Wealth Management LLC
1697725,Ullmann Financial Group  Inc.
1697728,Dai-Ichi Life Insurance Company  Ltd
1697729,Summit X  LLC
1697740,Sanchez Wealth Management Group
1697748,ARK Investment Management LLC
1697752,Newfoundland Capital Management
1697765,Achmea Investment Management B.V.
1697767,Northwest Quadrant Wealth Management  LLC
1697790,WITTENBERG INVESTMENT MANAGEMENT  INC.
1697791,United Bank
1697796,WP Advisors  LLC
1697847,Marietta Wealth Management  LLC
1697848,Woodson Capital Management  LP
1697855,Camden National Bank
1697856,Financial Advisors Network  Inc.
1697857,Gainplan LLC
1697865,E-L Financial Corp Ltd
1697868,Valley Forge Capital Management  LP
1697882,Flaharty Asset Management  LLC
1697934,Moloney Securities Asset Management  LLC
1697943,H7 Holdings  LLC
1697953,Summit Global Investments
1698006,OAKVIEW CAPITAL MANAGEMENT  L.P.
1698051,Point72 Europe (London) LLP
1698055,Gillson Capital LP
1698060,Gobi Capital LLC
1698068,Capco Asset Management  LLC
1698093,Maso Capital Partners Ltd
1698094,CAMG Solamere Management  LLC
1698146,LeJeune Puetz Investment Counsel LLC
1698215,PagnatoKarp Partners LLC
1698218,RITHOLTZ WEALTH MANAGEMENT
1698219,Doyle Wealth Management
1698220,Heritage Way Advisors  LLC
1698222,Pacific Center for Financial Services
1698246,IFM Investors Pty Ltd
1698264,Technology Crossover Management IX  Ltd.
1698340,Ceskoslovenska Obchodni Banka a.s.
1698351,KBC Participations Renta C
1698478,Summit Trail Advisors  LLC
1698481,Ahrens Investment Partners LLC
1698484,Varma Mutual Pension Insurance Co
1698607,Main Management ETF Advisors  LLC
1698750,TFO-TDC  LLC
1698777,OmniStar Financial Group  Inc.
1698819,Covalis Capital LLP
1698926,Adalta Capital Management LLC
1699506,Ackerman Capital Advisors  LLC
1699622,ACCESS FINANCIAL SERVICES  INC.
1699803,Wall Capital Group  Inc.
1700272,Azora Capital LP
1700286,Algebris (UK) Ltd
1700362,General Equity Holdings LP
1700481,WSFS CAPITAL MANAGEMENT  LLC
1700530,Keeley-Teton Advisors  LLC
1700574,Holocene Advisors  LP
1701057,PhiloSmith Capital Corp
1701132,Sterling Investment Advisors  Ltd.
1701714,McIlrath & Eck  LLC
1701879,Acorns Advisers  LLC
1701880,FFL Partners  LLC
1702175,Blueport Capital  L.P.
1702435,Donoghue Forlines LLC
1702490,Deer Park Road Corp
1702698,Stumpf Capital Management LLC
1702973,BREAKLINE CAPITAL LLC
1703027,Crestview Partners III GP  L.P.
1703031,Bain Capital Life Sciences Investors  LLC
1703080,MONEYWISE  INC.
1703081,Tamar Securities  LLC
1703100,Northstar Wealth Partners LLC
1703208,Arjuna Capital
1703301,SpiderRock Advisors  LLC
1703383,Pinnacle Bank
1703556,Ridgewood Investments LLC
1703658,Portland Hill Asset Management Ltd
1704107,BlueSky Wealth Advisors  LLC
1704132,Foresite Capital Management IV  LLC
1704404,Avestar Capital  LLC
1704677,Clear Perspective Advisors  LLC
1704720,Cannae Holdings  Inc.
1705265,Timbercreek Investment Management Inc.
1705399,Stamos Capital Partners  L.P.
1705438,Siris Capital Group  LLC
1705622,Bass Edward P
1705655,Seelaus Asset Management LLC
1705711,Morse Asset Management  Inc
1705712,Silver Heights Capital Management Inc
1705716,Conservest Capital Advisors  Inc.
1705910,Portland Ltd
1705929,QUATTRO FINANCIAL ADVISORS LLC
1706013,Ally Invest Advisors Inc.
1706016,Family Legacy  Inc.
1706018,Serenity Capital LLC
1706028,Heritage Trust Co
1706164,PenderFund Capital Management Ltd.
1706170,Fieldpoint Private Securities  LLC
1706220,Kimmeridge Energy Management Company  LLC
1706248,Parkside Investments  LLC
1706327,Johnson Financial Group  LLC
1706351,CFO4Life Group  LLC
1706511,Israel Discount Bank of New York
1706604,First Reserve GP XIII Ltd
1706669,TPG Financial Advisors  LLC
1706766,Caption Management  LLC
1706836,BFSG  LLC
1706915,AUA CAPITAL MANAGEMENT  LLC
1707096,Dynamo Administracao de Recursos Ltda.
1707202,Stratos Wealth Advisors  LLC
1707206,Fundamentun  LLC
1707790,LH Capital Markets  LLC
1707856,Franklin  Parlapiano  Turner & Welch  LLC
1707921,ECP ControlCo  LLC
1707975,Jordan Park Group LLC
1708001,Atlantic Trust  LLC
1708139,Milestone Resources Group Ltd
1708759,Mondrian Capital Management  LLC
1708872,Blankinship & Foster  LLC
1709323,Himalaya Capital Management LLC
1709622,Noked Capital LTD
1710477,CANTOR FITZGERALD INVESTMENT ADVISER L.P.
1710539,BHK Investment Advisors  LLC
1710666,Leicht Financial Planning & Wealth Management  Inc.
1710785,Green Court Capital Management Ltd
1710951,Prana Capital Management  LP
1711200,HGC Investment Management Inc.
1711257,DPM Capital LLC
1711615,TIAA  FSB
1711889,BC Partners Advisors L.P.
1712024,Burford Capital Investment Management LLC
1712533,Brickley Wealth Management
1712575,Amia Capital LLP
1712671,Geneva Partners  LLC
1712686,Broadleaf Partners  LLC
1712901,Melqart Asset Management (UK) Ltd
1713112,Mokosak Advisory Group  LLC
1713390,Kontiki Capital Management (HK) Ltd.
1713458,BDO Wealth Advisors  LLC
1713506,Cruiser Capital Advisors  LLC
1713520,Crescent Grove Advisors  LLC
1713521,Bridge City Capital  LLC
1713558,Peterson Wealth Advisors  LLC
1713587,Quantamental Technologies LLC
1713662,AlphaCore Capital LLC
1713678,GenWealth Group  Inc.
1713697,FLC Capital Advisors
1713735,Providence First Trust Co
1713936,Epstein & White Financial LLC
1714062,Ascension Asset Management LLC
1714093,Garner Asset Management Corp
1714107,Sage Capital Advisors llc
1714260,Pearl River Capital  LLC
1714267,THAMES CAPITAL MANAGEMENT LLC
1714341,Abbot Financial Management  Inc.
1714346,Ferris Capital  LLC
1714450,RPTC Inc.
1714498,AIP  LLC
1714506,Mountain Capital Investment Advisors  Inc
1714524,Capital Bank & Trust Co
1714590,Gs Investments  Inc.
1714672,Fore Capital  LLC
1714678,Beaton Management Co. Inc.
1714964,Haafor (Singapore) Pte. Ltd.
1715163,CARILLON TOWER ADVISERS  INC.
1715228,Wealth Advisors of Tampa Bay  LLC
1715304,PFM Asset Management LLC
1715329,North Fourth Asset Management  LP
1715528,SAYA MANAGEMENT LP
1715579,Medicxi Ventures Management (Jersey)  Ltd
1715593,Csenge Advisory Group
1715635,Ninepoint Partners LP
1715650,XTX MARKETS LLC
1715740,Bogart Wealth  LLC
1715862,Cordatus Wealth Management LLC
1716180,MPS Loria Financial Planners  LLC
1716399,Cahaba Wealth Management  Inc.
1716539,Arlington Financial Advisors  LLC
1716559,Optiver US LLC
1716659,Parisi Gray Wealth Management
1716774,Standard Life Aberdeen plc
1716983,SimpliFi  Inc.
1716984,Slow Capital  Inc.
1716997,Institutional Venture Management XVI  LLC
1717027,Personal Resources Investment & Strategic Management  Inc.
1717479,Redwood Investment Management  LLC
1717658,DeDora Capital  Inc.
1717977,AMS Capital Ltda
1718570,Close Asset Management Ltd
1718732,Icon Wealth Partners  LLC
1718858,QVR LLC
1718982,Spearhead Capital Advisors  LLC
1719087,Diametric Capital  LP
1719165,Capital Markets Trading UK LLP
1719281,Spinnaker Capital LLC
1719305,Verdence Capital Advisors LLC
1719307,Beryl Capital Management LLC
1719387,CDAM (UK) Ltd
1719655,Deep Basin Capital LP
1719739,Security National Bank
1719883,Portsea Asset Management LLP
1720235,Measured Wealth Private Client Group  LLC
1720336,Berman Capital Advisors  LLC
1720346,Sturgeon Ventures LLP
1720745,Blackcrane Capital  LLC
1720777,Strategic Wealth Partners  Ltd.
1720792,Ruane  Cunniff & Goldfarb L.P.
1720887,Strategic Vision Investment Ltd
1720969,Legacy Advisors  LLC
1720980,KADENSA CAPITAL Ltd
1721242,Belpointe Asset Management LLC
1721508,Islet Management  LP
1721527,Cypress Wealth Services  LLC
1721568,RVB CAPITAL MANAGEMENT LLC
1721608,Money Design Co. Ltd.
1721780,Successful Portfolios LLC
1722053,CenterStar Asset Management  LLC
1722084,Shilanski & Associates  Inc.
1722117,Aevitas Wealth Management  Inc.
1722283,Fluent Financial  LLC
1722329,Newport Trust Co
1722436,Sawyer & Company  Inc
1722439,Cito Capital Group  LLC
1722512,Trilogy Capital Inc.
1722622,Sage Rock Capital Management LP
1722638,Trellis Advisors  LLC
1722641,Valeo Financial Advisors  LLC
1722967,KCL Capital  L.P.
1723115,Demars Financial Group  LLC
1723223,KILEY JUERGENS WEALTH MANAGEMENT  LLC
1723397,Steward Partners Investment Advisory  LLC
1723681,Affiance Financial  LLC
1723787,Bratton Capital Management  L.P.
1723925,Legacy Financial Strategies  LLC
1724090,Fulcrum Capital LLC
1724134,Claraphi Advisory Network  LLC
1724140,Gemsstock Ltd.
1724264,MD Financial Management Inc.
1724269,LAKE STREET ADVISORS GROUP  LLC
1724517,Ovata Capital Management Ltd
1725243,Legacy Wealth Partners  Inc.
1725247,WoodTrust Financial Corp
1725248,Manning & Napier Group  LLC
1725296,CENTERSQUARE INVESTMENT MANAGEMENT LLC
1725297,One Wealth Advisors  LLC
1725357,Emerson Point Capital LP
1725362,Bell & Brown Wealth Advisors  LLC
1725888,Lester Murray Antman dba SimplyRich
1725910,STANSBERRY ASSET MANAGEMENT  LLC
1726375,Oak Asset Management  LLC
1726673,PrairieView Partners  LLC
1726752,Pinnacle Wealth Planning Services  Inc.
1726808,STEPHENS GROUP ASSET MANAGEMENT  LLC
1726948,Soapstone Management L.P.
1727012,Diameter Capital Partners LP
1727269,Columbus Macro  LLC
1727270,Shone Asset Management LLC
1727336,First Command Advisory Services  Inc.
1727342,Hudson Capital Management LLC
1727454,Quadrant Private Wealth Management  LLC
1727573,McCollum Christoferson Group LLC
1727588,UBP Investment Advisors SA
1727592,Squar Milner Financial Services LLC
1727593,White Lighthouse Investment Management Inc.
1727605,Castle Rock Wealth Management  LLC
1727762,Taylor Hoffman Wealth Management
1727783,Neo Ivy Capital Management
1727827,Blueshift Asset Management  LLC
1727862,Neumann Advisory Hong Kong Ltd
1727917,Gradient Capital Advisors  LLC
1727993,Eldridge Investment Advisors  Inc.
1728120,Broad Peak Investment Holdings Ltd.
1728121,SeaCrest Wealth Management  LLC
1728194,CVI Holdings  LLC
1728195,Susquehanna Foundation
1728201,Aequim Alternative Investments LP
1728318,Pratt Collard Advisory Partners LLC
1728319,IFG Advisory  LLC
1728321,Kovack Advisors  Inc.
1728354,Briar Hall Management LLC
1728355,RAINEY & RANDALL INVESTMENT MANAGEMENT INC.
1728436,Sanctuary Wealth Management  L.L.C.
1728449,Relaxing Retirement Coach
1728681,SYCOMORE ASSET MANAGEMENT
1728689,Kopion Asset Management  LLC
1728718,Growth Interface Management LLC
1728827,Trustees of Princeton University
1728850,LSP Investment Advisors  LLC
1728866,Smart Money Group LLC
1729045,Tower View Investment Management & Research LLC
1729048,Nicollet Investment Management  Inc.
1729049,Pegasus Asset Management  Inc.
1729093,Stordahl Capital Management  Inc.
1729094,Gryphon Financial Partners LLC
1729096,Ballew Advisors  Inc
1729139,Rainwater Charitable Foundation
1729212,Port Capital LLC
1729242,Conrad N. Hilton Foundation
1729254,Front Row Advisors LLC
1729264,NovaQuest Capital Management  L.L.C.
1729269,Spence Asset Management
1729299,Keystone Financial Group
1729300,X-Square Capital  LLC
1729303,WealthShield Partners  LLC
1729304,Holistic Financial Partners
1729359,Townsend & Associates  Inc
1729428,Monument Capital Management
1729443,Garrett Wealth Advisory Group  LLC
1729515,Aries Wealth Management
1729516,Bigelow Investment Advisors  LLC
1729672,Global Trust Asset Management  LLC
1729673,DDD Partners  LLC
1729675,Ordinal Holdings ManageCo  LP
1729677,LexAurum Advisors  LLC
1729684,Tibra Equities Europe Ltd
1729735,Foresight Wealth Management  LLC
1729754,Uncommon Cents Investing LLC
1729755,Strategic Family Wealth Counselors  L.L.C.
1729829,Qube Research & Technologies Ltd
1729847,Nikulski Financial  Inc.
1729848,Claybrook Capital  LLC
1729854,MainStreet Investment Advisors LLC
1729866,DiMeo Schneider & Associates  L.L.C.
1729867,Red Cedar Capital  LLC
1729869,Allied Investment Advisors  LLC
1729939,Cypress Capital  LLC
1729985,Virtue Capital Management  LLC
1730033,Crewe Advisors LLC
1730068,VIRIDIAN RIA  LLC
1730083,M Financial Asset Management  Inc.
1730126,Buckley Wealth Management  LLC
1730142,Marble Ridge Capital LP
1730145,Voss Capital  LLC
1730149,Clarus Wealth Advisors
1730210,TRH Financial  LLC
1730235,BlueDrive Global Investors LLP
1730242,55I  LLC
1730293,Financial Advocates Investment Management
1730295,Carmichael Hill & Associates  Inc.
1730299,Banco de Sabadell  S.A
1730322,TRUSTCORE FINANCIAL SERVICES  LLC
1730383,Chesapeake Wealth Management
1730386,Retirement Income Solutions  Inc
1730404,Northwest Capital Management Inc
1730456,CAPITAL WEALTH MANAGEMENT  LLC
1730464,Nan Shan Life Insurance Co.  Ltd.
1730466,Wealthstreet Investment Advisors  LLC
1730467,CLIFFORD CAPITAL PARTNERS LLC
1730469,Georgetown University
1730471,Lucia Wealth Services  LLC
1730477,Ballast  Inc.
1730478,Ironvine Capital Partners  LLC
1730479,Independence Bank of Kentucky
1730480,Mangham Associates LLC
1730494,Apoletto Ltd
1730511,Bedel Financial Consulting  Inc.
1730516,Edgbaston Investment Partners LLP
1730521,Murphy  Middleton  Hinkle & Parker  Inc.
1730525,Maj Invest Holding A/S
1730532,Mountaineer Partners Management  LLC
1730551,6 Meridian
1730565,Unio Capital LLC
1730573,Requisite Capital Management  LLC
1730574,Athanor Capital  LP
1730575,Midwest Professional Planners  LTD.
1730580,Harbor Island Capital LLC
1730610,Acorn Wealth Advisors  LLC
1730630,Investors Research Corp
1730660,Keeler Thomas Management LLC
1730754,Aubrey Capital Management Ltd
1730769,Solstein Capital  LLC
1730808,Biechele Royce Advisors
1730810,Legacy Financial Advisors  Inc.
1730812,ALATUS CAPITAL LTD
1730813,FINANCIAL LIFE ADVISORS
1730814,Providence Capital Advisors  LLC
1730815,Poehling Capital Management  LLC
1730817,180 WEALTH ADVISORS  LLC
1730818,Baugh & Associates  LLC
1730820,Taikang Asset Management Co.  Ltd.
1730882,Newport Wealth Strategies  Inc.
1730887,Ford Financial Group  LLC
1730889,Vigilare Wealth Management
1730890,Harborview Advisors  LLC
1730896,United Super Pty Ltd in its capacity as Trustee for the Construction & Building Unions Superannuation Fund
1730945,Congress Park Capital LLC
1730959,Santori & Peters  Inc.
1730960,Sound Income Strategies  LLC
1730961,SCP Investment  LP
1730971,Secrest Blakey & Associates  LLC
1731031,ACON Equity Management  L.L.C.
1731061,Larson Financial Group LLC
1731118,Bpifrance SA
1731123,Biltmore Family Office  LLC
1731124,DIAMANT ASSET MANAGEMENT  INC.
1731127,STRATEGIC CAPITAL ADVISERS  INC.
1731132,Game Creek Capital  LP
1731134,MayTech Global Investments  LLC
1731152,James Hambro & Partners
1731159,MANA Advisors LLC
1731169,Financial Partners Group  Inc
1731191,Elephas Investment Management Ltd
1731216,Martin Capital Partners  LLC
1731221,Financial Services Advisory Inc
1731260,Ocean Capital Management  LLC
1731275,DIVERGENT WEALTH ADVISORS  LLC
1731296,HPC Germany GmbH & Co. KG
1731358,All Terrain Financial Advisors  LLC
1731359,Stony Point Wealth Management Inc.
1731372,Kendall Capital Management
1731437,Resource Management  LLC
1731444,We Are One Seven  LLC
1731445,Towerpoint Wealth  LLC
1731446,Prime Capital Investment Advisors  LLC
1731447,Leonard Rickey Investment Advisors P.L.L.C.
1731448,G&S Capital LLC
1731466,New Potomac Partners  LLC
1731497,Ellenbecker Investment Group
1731509,SB INVESTMENT ADVISERS (UK) LTD
1731530,FIRST SABREPOINT CAPITAL MANAGEMENT LP
1731601,APCM Wealth Management for Individuals
1731671,Altman Advisors  Inc.
1731713,Windsor Group LTD
1731717,D. B. Root & Company  LLC
1731731,SWS Partners
1731876,Steigerwald  Gordon & Koch Inc.
1731878,Paulson Wealth Management Inc.
1731927,Elmwood Wealth Management  Inc.
1732007,Titus Wealth Management
1732008,GUARDCAP ASSET MANAGEMENT Ltd
1732074,CNB Bank
1732080,ADAMCAPITAL Gestao de Recursos Ltda.
1732325,Arias Resource Capital GP Ltd.
1732371,CastleArk Alternatives  LLC
1732537,TLWM
1732538,Redpoint Investment Management Pty Ltd
1732539,Optimus Prime Fund Management Co.  Ltd.
1732543,Q3 Asset Management
1732621,Albar Capital Ltd
1732687,Factorial Partners  LLC
1732768,Exor Investments (UK) LLP
1732811,MFN Partners Management  LP
1732846,Independence Wealth Advisors  Inc.
1732854,Private Capital Group  LLC
1732988,Pactiv General Employee Benefit Trust
1733082,Rossmore Private Capital
1733173,Howard Capital Management Inc.
1733219,Stewardship Advisors  LLC
1733248,CROWN ADVISORS MANAGEMENT  INC.
1733456,Clearshares LLC
1733472,Quaker Wealth Management  LLC
1733510,Burleson & Company  LLC
1733600,Waterton Global Resource Management  Inc.
1733755,Arnhold LLC
1733777,F3Logic  LLC
1733788,Centerpoint Advisors  LLC
1734341,Lynrock Lake LP
1734398,RED CEDAR INVESTMENT MANAGEMENT  LLC
1734460,Stokes Capital Advisors  LLC
1734493,NICOLA WEALTH MANAGEMENT LTD.
1734565,Avitas Wealth Management LLC
1735057,Versant Capital Management  Inc
1735101,TIAA ENDOWMENT & PHILANTHROPIC SERVICES  LLC
1735445,Rheos Capital Works Inc.
1735513,CLARET ASSET MANAGEMENT Corp
1735605,USAdvisors Wealth Management  LLC
1735734,Wealth Alliance Advisory Group  LLC
1736079,WALLER FINANCIAL PLANNING GROUP  INC
1736225,ExodusPoint Capital Management  LP
1736260,Cornell Pochily Investment Advisors  Inc.
1736465,NORTHWOOD LIQUID MANAGEMENT LP
1736648,Campbell Wealth Management
1736666,Signature Wealth Management Group
1736736,Rice Partnership  LLC
1736898,Index Venture Growth Associates II Ltd
1736982,Vestmark Advisory Solutions  Inc.
1737089,CX Institutional
1737090,FARMERS & MERCHANTS TRUST Co OF LONG BEACH
1737109,Integrated Wealth Concepts LLC
1737112,Lutz Financial Services LLC
1737348,NUCLEO CAPITAL LTDA.
1737421,Spring Creek Investment Management  LLC
1737871,LFA - Lugano Financial Advisors SA
1737888,Fulcrum Equity Management
1737987,Wells Trecaso Financial Group  LLC
1738045,SCW Capital Management  LP
1738071,Yong Rong (HK) Asset Management Ltd
1738560,ISLAY CAPITAL MANAGEMENT  LLC
1738654,Opti Capital Management  LP
1738720,Avondale Wealth Management
1738723,West Branch Capital LLC
1738726,Ceredex Value Advisors LLC
1738728,Silvant Capital Management LLC
1738738,KC Investment Advisors  LLC
1738828,Pathway Financial Advisors LLC
1738887,Community Capital Management  Inc.
1738902,Atom Investors LP
1739043,Winthrop Advisory Group LLC
1739424,SunTx Capital Management Corp.
1739439,Rockefeller Capital Management L.P.
1739594,Altium Wealth Management LLC
1739728,Change Path  LLC
1739877,Elo Mutual Pension Insurance Co
1739878,First National Bank of South Miami
1739943,WELD CAPITAL MANAGEMENT LLC
1740053,Chicago Capital  LLC
1740063,Pflug Koory  LLC
1740140,VISTA INVESTMENT MANAGEMENT
1740316,Gifford Fong Associates
1740642,Grant Street Asset Management  Inc.
1740729,Stewardship Financial Advisors  LLC
1740809,Blue Chip Wealth Management  Inc.
1740837,AltraVue Capital  LLC
1740839,GABLES CAPITAL MANAGEMENT INC.
1740840,Tikehau Investment Management
1740842,Braun-Bostich & Associates Inc.
1740858,Galileo (PTC) Ltd
1740871,PROFESSIONAL PLANNING
1741024,DUALITY ADVISERS  LP
1741129,Greenhaven Road Investment Management  L.P.
1741224,AIGEN INVESTMENT MANAGEMENT  LP
1741426,Quad-Cities Investment Group  LLC
1741619,EAM Global Investors LLC
1741675,Callodine Capital Management  LP
1741677,Swaine & Leidel Wealth Services  LLC
1742315,J. L. Bainbridge & Co.  Inc.
1742418,Dundas Partners LLP
1742435,FORA Capital  LLC
1742569,O'Dell Group  LLC
1742647,Moerus Capital Management LLC
1742654,StackLine Partners LP
1742998,FNY Investment Advisers  LLC
1743404,Foundations Investment Advisors  LLC
1743413,Principle Wealth Partners LLC
1743863,Peachtree Investment Partners  LLC
1743937,TOMS Capital Investment Management LP
1743941,Elm Partners Management LLC
1743987,Grosvenor Holdings  L.L.C.
1744073,AJ WEALTH STRATEGIES  LLC
1744317,Beacon Pointe Advisors  LLC
1744318,MinichMacGregor Wealth Management  LLC
1744348,Old Port Advisors
1744349,Mount Yale Investment Advisors  LLC
1744373,Machina Capital S.A.S.
1744955,Providence Wealth Advisors  LLC
1744967,Samsara BioCapital  LLC
1745214,ADW Capital Management  LLC
1745796,North Growth Management Ltd.
1745879,Unigestion Holding SA
1745981,WORLDQUANT MILLENNIUM ADVISORS LLC
1746438,Vishria Bird Financial Group  LLC
1747057,D1 Capital Partners L.P.
1747744,Sagil Capital LLP
1747749,Hurlow Wealth Management Group  Inc.
1747799,Brio Consultants  LLC
1747888,North Peak Capital Management  LLC
1748240,SOROS CAPITAL MANAGEMENT LLC
1748269,Sunesis Advisors  LLC
1748278,JGP Wealth Management  LLC
1748305,Lee Capital Holdings LLC
1748726,Watchman Group  Inc.
1748728,Cox Capital Mgt LLC
1748729,Triodos Investment Management BV
1748766,Brand Asset Management Group  Inc.
1748814,LITTLE HOUSE CAPITAL LLC
1748861,Bay Colony Advisory Group  Inc d/b/a Bay Colony Advisors
1748930,TAP Consulting  LLC
1748965,Lannebo Fonder AB
1749611,Toronado Partners  LLC
1749744,Global Retirement Partners  LLC
1749768,Impax Asset Management Group plc
1749798,Boothe Investment Group  Inc.
1749824,INHERENT GROUP  LP
1749890,Hammer Asset Management  LLC
1749914,Insight Wealth Strategies  LLC
1749980,Jeneq Management  LP
1750086,HHM Wealth Advisors  LLC
1750183,Antara Capital LP
1750312,Hidden Lake Asset Management LP
1750403,Strategic Wealth Management Group  LLC
1750405,Truvestments Capital LLC
1750423,Henry James International Management  Inc.
1750451,Discovery Value Fund
1750557,Vectors Research Management  LLC
1750924,VisionPoint Advisory Group  LLC
1751006,Chapman Investment Management  LLC
1751412,Sepio Capital  LP
1751581,Cooper Financial Group
1751817,SP Asset Management
1752045,Exeter Financial  LLC
1752148,Parian Global Management LP
1752212,Essex Savings Bank
1752579,INNEALTA CAPITAL  LLC
1752758,Elwood & Goetz Wealth Advisory Group  LLC
1752761,Centric Wealth Management
1752762,Next Capital Management LLC
1752833,CornerStone Partners LLC
1752906,Provenire Capital  LLC
1752985,Andesa Financial Management Inc.
1753218,MorganRosel Wealth Management  LLC
1753219,United Capital Management of KS  Inc.
1753271,Portfolio Strategies  Inc.
1753564,Mountain Road Advisors  LLC
1753570,Camelot Capital Partners  LLC
1753875,One Fin Capital Management LP
1754535,DeepCurrents Investment Group LLC
1754950,Nachman Norwood & Parrott  Inc
1755028,Yaupon Capital Management LP
1755035,Index Venture Associates VI Ltd
1755368,Saddle Point Management  L.P.
1755535,One68 Global Capital  LLC
1755651,Monte Financial Group  LLC
1755670,Selective Wealth Management  Inc.
1755723,Wambolt & Associates  LLC
1755784,TenCore Partners  LP
1755785,Canton Hathaway  LLC
1755911,Taikang Asset Management (Hong Kong) Co Ltd
1755933,Dougherty Wealth Advisers LLC
1756111,PEAK6 Investments LLC
1756283,Bell Rock Capital LLC
1756485,Independent Family Office  LLC
1756543,RVW Wealth  LLC
1756695,Asset Advisors Investment Management  LLC
1756777,JDC-JSC L.P.
1756870,Sandbar Asset Management LLP
1756959,McGuire Investment Group  LLC
1757043,Delta Investment Management  LLC
1757128,Laurel Wealth Advisors LLC
1757260,Reitz Capital Advisors LLC
1757282,NKCFO LLC
1757363,AIA Investment Management Private Ltd
1757617,Full Sail Capital  LLC
1757706,Benchmark Financial Wealth Advisors  LLC
1757885,Atlas Principals  LLC
1757975,Shelter Haven Capital Management  L.P.
1758087,Kavar Capital Partners  LLC
1758163,Virginia National Bank
1758261,AIA International Ltd
1758720,Walleye Capital LLC
1759115,Broad Bay Capital Management  LP
1759176,Pennant Investors  LP
1759236,Black Diamond Financial  LLC
1759271,Principal Street Partners  LLC
1759364,Totem Point Management  LLC
1759476,Shorepoint Capital Partners LLC
1759485,Alera Investment Advisors  LLC
1759545,DWM Financial Group  Inc.
1759578,Crumly & Associates Inc.
1759654,Quantinno Capital Management LP
1759751,Inlet Private Wealth  LLC
1759760,H&H International Investment  LLC
1759803,Graves-Light Private Wealth Management  Inc.
1760076,Global Strategic Investment Solutions  LLC
1760131,Attestor Ltd
1760145,Costello Asset Management  INC
1760263,Hamilton Wealth  LLC
1760304,Great Point Wealth Advisors  LLC
1760403,ANGLEPOINT ASSET MANAGEMENT  LTD.
1760437,Brookfield BHS Advisors LLC
1760444,Old North State Trust  LLC
1760472,PRW Wealth Management LLC
1760540,Strategic Investment Advisors / MI
1760578,Pasadena Private Wealth  LLC
1761013,Cresset Asset Management  LLC
1761044,Compton Wealth Advisory Group  LLC
1761054,Treasurer of the State of North Carolina
1761269,Plaisance Capital LLC
1761380,Half Sky Capital (UK) Ltd
1761435,COWBIRD CAPITAL LP
1761450,Valtinson Bruner Financial Planning LLC
1761645,Hotaling Investment Management  LLC
1761663,Jade Capital Advisors  LLC
1761742,Baldrige Asset Management LLC
1761755,TOWNSQUARE CAPITAL LLC
1761871,Hardy Reed LLC
1762068,MBM Wealth Consultants  LLC
1762294,Evergreen Advisors  LLC
1762304,HILLHOUSE CAPITAL ADVISORS  LTD.
1762342,Landsberg  Bennett  & Dubbaneh LLC
1762344,Advantage Alpha Capital Partners LP
1762388,MACRO Consulting Group
1762575,Weather Gauge Advisory  LLC
1762718,Horiko Capital Management LLC
1762776,Kore Private Wealth LLC
1762997,Total Wealth Planning  LLC
1763121,Evolution Wealth Advisors  LLC
1763138,VERITY Wealth Advisors
1763404,Riverstone Advisors  LLC
1763409,CYNOSURE MANAGEMENT  LLC
1763608,Capital Financial Planning  LLC
1763722,Meridian Financial Partners LLC
1763844,CPV Partners  LLC
1763921,Wealthfront Advisers LLC
1764008,Isomer Partners LP
1764049,SlateStone Wealth  LLC
1764059,ELEMENT POINTE ADVISORS  LLC
1764144,MIRSKY FINANCIAL MANAGEMENT CORP.
1764260,Maltin Wealth Management  Inc.
1764386,Claro Advisors LLC
1764387,Apollon Wealth Management  LLC
1764403,Vision Capital Corp
1764525,OCO Capital Partners  L.P.
1764694,Brandywine Oak Private Wealth LLC
1764725,Blue Grotto Capital  LLC
1764968,Advisory Resource Group
1765054,Coastal Capital Group  Inc.
1765216,Magnus Financial Group LLC
1765278,EWG Elevate Inc.
1765285,Apexium Financial  LP
1765387,Concentrum Wealth Management
1765388,Metropolis Capital Ltd
1765515,S.E.E.D. Planning Group LLC
1765536,Summit Financial  LLC
1765590,Ellis Investment Partners  LLC
1765594,CRA Financial Services  LLC
1765595,Bernardo Wealth Planning LLC
1765681,Thrive Capital Management  LLC
1765690,MONECO Advisors  LLC
1765768,Galibier Capital Management Ltd.
1765774,No Street GP LP
1765885,Allred Capital Management  LLC
1765888,DURATIONAL CAPITAL MANAGEMENT LP
1765893,Unified Trust Company  N.A.
1765923,Susquehanna International Securities  Ltd.
1765924,Susquehanna International Group Ltd.
1766005,PRUDENT INVESTORS NETWORK
1766067,TRUEFG  LLC
1766150,LEVIN EASTERLY PARTNERS LLC
1766156,Salomon & Ludwin  LLC
1766157,Sargent Investment Group  LLC
1766226,Private Advisors  LLC
1766286,Howard Wealth Management  LLC
1766357,STAMINA CAPITAL MANAGEMENT LP
1766392,SYQUANT CAPITAL SAS
1766393,Arabesque Asset Management Ltd
1766435,Personal Wealth Partners
1766504,GREENLEA LANE CAPITAL MANAGEMENT  LLC
1766506,9258 Wealth Management  LLC
1766509,FORTEM FINANCIAL GROUP  LLC
1766510,TrinityPoint Wealth  LLC
1766514,RHS Financial  LLC
1766520,Private Portfolio Partners LLC
1766530,Gladstone Institutional Advisory LLC
1766553,Windsor Creek Advisors  LLC
1766561,Geo Capital Gestora de Recursos Ltd
1766564,Paradigm Financial Partners  LLC
1766571,Pacific Wealth Strategies Group  Inc.
1766596,RV Capital GmbH
1766671,Emerson Wealth Management  LLC
1766721,Aisling Capital Management LP
1766752,Phoenician Capital LLC
1766786,Hoover Financial Advisors  Inc.
1766788,Centerstone Investors  LLC
1766789,Global Beta Advisors LLC
1766790,Voit & Company  LLC
1766791,Grandview Asset Management LLC
1766802,Velanne Asset Management Ltd
1766806,Shaolin Capital Management LLC
1766881,Texas Children's
1766883,Lantz Financial LLC
1766904,CARY STREET PARTNERS INVESTMENT ADVISORY LLC
1766907,Act Two Investors LLC
1766908,ShawSpring Partners LLC
1766909,Financial Advisors  LLC
1766918,Opes Wealth Management LLC
1766929,Defender Capital  LLC.
1766972,JFG Wealth Management  LLC
1766995,SUMMIT WEALTH & RETIREMENT PLANNING  INC.
1767040,BROOKS  MOORE & ASSOCIATES  INC.
1767045,Lindbrook Capital  LLC
1767049,Jackson Hole Capital Partners  LLC
1767056,Fairhaven Wealth Management  LLC
1767070,Shulman DeMeo Asset Management LLC
1767080,Abundance Wealth Counselors
1767107,Garrison Point Advisors  LLC
1767121,Hillcrest Wealth Advisors - NY  LLC
1767141,Jaguar Listed Property LLC
1767151,Outlook Wealth Advisors  LLC
1767217,TLW Wealth Management  LLC
1767220,Edge Capital Group  LLC
1767297,VeraBank  N.A.
1767301,Semmax Financial Advisors Inc.
1767302,Cedar Brook Financial Partners  LLC
1767306,JustInvest LLC
1767307,Robertson Stephens Wealth Management  LLC
1767313,WealthBridge Capital Management  LLC
1767340,Aspire Private Capital  LLC
1767343,DAGCO  Inc.
1767346,Traverso Chambers Private Wealth Management  LLC
1767349,Princeton Global Asset Management LLC
1767366,BAYVIEW ASSET MANAGEMENT  LLC
1767384,Clarity Wealth Advisors  LLC
1767393,RP Investment Advisors LP
1767432,Atlas Venture Advisors  Inc.
1767433,Ferguson Shapiro LLC
1767457,VIEWPOINT INVESTMENT PARTNERS CORP
1767471,OSSIAM
1767474,MA Private Wealth
1767513,ANDERSON FISHER LLC
1767559,London & Capital Asset Management Ltd
1767580,Advisor OS  LLC
1767601,MARKET STREET WEALTH MANAGEMENT ADVISORS LLC
1767602,ERTS Wealth Advisors  LLC
1767616,H2O AM LLP
1767617,RESTON WEALTH MANAGEMENT LLC
1767640,PUBLIC INVESTMENT FUND
1767699,Actinver Wealth Management  Inc.
1767710,Guidance Point Advisors  LLC
1767715,GYL Financial Synergies  LLC
1767724,New World Advisors LLC
1767730,Frisch Financial Group  Inc.
1767735,Palmer Knight Co
1767750,Noked Israel Ltd
1767803,Fourthstone LLC
1767812,Miramar Capital  LLC
1767821,Strategic Blueprint  LLC
1767840,SEEYOND
1767841,HNP Capital LLC
1767843,MIROVA
1767846,Davide Leone & Partners Investment Co Ltd.
1767855,Global Wealth Management Investment Advisory  Inc.
1767863,BT Wealth Management LLC
1767868,Inscription Capital  LLC
1767898,American Financial Advisors  LLC
1767902,Western Wealth Management  LLC
1767905,Tower House Partners LLP
1767910,Whitehelm Capital Pty Ltd
1767940,Wolff Financial Management LLC
1767945,OSTRUM ASSET MANAGEMENT
1767952,Lehman & Derafelo Financial Resources LLC
1767982,Omega Financial Group  LLC
1767989,Bay Harbor Wealth Management  LLC
1768041,Greenvale Capital LLP
1768065,Brendel Financial Advisors LLC
1768089,Knuff & Co LLC
1768095,Meridian Wealth Advisors  LLC
1768099,Qtron Investments LLC
1768111,Bain Capital Public Equity Management II  LLC
1768130,HOWARD FINANCIAL SERVICES  LTD.
1768195,BCJ Capital Management  LLC
1768237,Cape Ann Asset Management Ltd
1768302,ERn Financial  LLC
1768375,Aspex Management (HK) Ltd
1768635,O'Brien Greene & Co. Inc
1768887,Pacific Edge Advisors  LLC
1769031,Van Leeuwen & Company  LLC
1769063,Foster Victor Wealth Advisors  LLC
1769089,Archetype Wealth Partners  LLC
1769288,Atwater Malick LLC
1769302,Liberty Wealth Management LLC
1769456,Invenomic Capital Management LP
1769578,Blue Square Asset Management  LLC
1769646,TWINBEECH CAPITAL LP
1769700,Roubaix Capital  LLC
1769897,GREAT VALLEY ADVISOR GROUP  INC.
1770120,JNE Partners LLP
1770532,Core Wealth Advisors  Inc.
1770632,Quilter Plc
1770682,MIC CAPITAL PARTNERS (PUBLIC) (US) IM  LLC
1770710,Enterprise Bank & Trust Co
1770940,CMC Financial Group
1770994,Occidental Asset Management  LLC
1771122,Rings Capital Management LLC
1771169,CCG Wealth Management  LLC
1771174,Spouting Rock Asset Management  LLC
1771377,Sonic Fund II  L.P.
1771524,Bayberry Capital Partners LP
1771605,SAGE RHINO CAPITAL LLC
1771673,Center Lake Capital Management  LLC
1771687,KG&L Capital Management LLC
1772031,LAKE STREET FINANCIAL LLC
1772583,NORWEST VENTURE PARTNERS XIII  LP
1772715,Prestige Wealth Management Group LLC
1772937,Tolleson Wealth Management  Inc.
1772954,Ameraudi Asset Management  Inc.
1773030,C-J Advisory  Inc.
1773205,KMG FIDUCIARY PARTNERS  LLC
1773206,Integral Health Asset Management  LLC
1773368,Wesleyan Assurance Society
1773830,Patriot Investment Management Inc.
1773994,Conifer Management  L.L.C.
1774086,RDA Financial Network
1774207,Jupiter Wealth Management LLC
1774343,Financial Strategies Group  Inc.
1774437,Your Advocates Ltd.  LLP
1774552,WealthNavi Inc.
1774727,Liquid Strategies  LLC
1774879,Cornerstone Wealth Group  LLC
1775321,Bremer Bank National Association
1775391,Joseph P. Lucia & Associates  LLC
1775446,Cornerstone Advisors  LLC
1775530,Oldfather Financial Services  LLC
1775850,MBE Wealth Management  LLC
1775863,David Loasby
1775889,Union Bancaire Privee Asset Management LLC
1776023,Stony Point Capital LLC
1776033,Golden State Wealth Management  LLC
1776074,Hi-Line Capital Management  LLC
1776082,TRANSCEND WEALTH COLLECTIVE  LLC
1776090,Parsifal Capital Management  LP
1776290,Zhang Financial LLC
1776296,RBA Wealth Management  LLC
1776321,JBJ Investment Partners  LLC
1776382,venBio Partners LLC
1776701,Kehrs Ridge Capital LLC
1776757,WADDELL & ASSOCIATES  LLC
1776792,Coastal Investment Advisors  Inc.
1776821,Spectrum Wealth Advisory Group  LLC
1776878,Core Alternative Capital
1777015,Parkman Healthcare Partners LLC
1777127,Enterprise Trust & Investment Co
1777371,Tarsadia Capital  LLC
1777469,E Fund Management (Hong Kong) Co.  Ltd.
1777734,Wishbone Management  LP
1777813,Atreides Management  LP
1777817,Leelyn Smith  LLC
1777914,Astoria Strategic Wealth  Inc.
1778131,BI Asset Management Fondsmaeglerselskab A/S
1778185,PRIVATE CAPITAL MANAGEMENT LLC
1778253,Ikarian Capital  LLC
1778719,Lodbrok Capital LLP
1779040,PSI Advisors  LLC
1779453,EPIQ Capital Group  LLC
1779763,Iron Triangle Partners LP
1779789,IEQ CAPITAL  LLC
1780055,Weaver Consulting Group
1780330,COLTON GROOME FINANCIAL ADVISORS  LLC
1780365,WT Asset Management Ltd
1780507,WT Wealth Management
1780565,O'Keefe Stevens Advisory  Inc.
1780570,Ethic Inc.
1780607,Arden Trust Co
1780985,OneAscent Financial Services LLC
1781002,Bleichroeder LP
1781079,Optimum Quantvest Corp
1781880,NAN FUNG TRINITY (HK) LTD
1781942,Meridian Wealth Partners  LLC
1781948,Legend Financial Advisors  Inc.
1782124,DENDUR CAPITAL LP
1782491,Jacobsen Capital Management
1782866,Newlight Partners LP
1782974,Marcho Partners LLP
1783139,III Capital Management
1783412,IFG Advisors  LLC
1783464,Japan Post Holdings Co.  Ltd.
1783599,Red Door Wealth Management  LLC
1783773,Tranquility Partners  LLC
1784093,Beacon Harbor Wealth Advisors  Inc.
1784235,Clear Creek Financial Management  LLC
1784260,Rothschild & Co Wealth Management UK Ltd
1784277,Matrix Trust Co
1784450,Aurum Wealth Management Group  LLC
1784547,Woodline Partners LP
1784777,Sound View Wealth Advisors Group  LLC
1784925,Franklin Street Capital Partners  LLC
1785144,PETERSON WEALTH MANAGEMENT
1785438,TPI Fund Managers Ltd
1785445,tru Independence LLC
1785498,Keudell/Morrison Wealth Management
1785545,ESL Trust Services  LLC
1785546,CMT Investments LLC
1785668,NexWave Capital Partners LLC
1785717,ORSER CAPITAL MANAGEMENT  LLC
1785981,MIK Capital  LP
1786241,HILLTOP WEALTH ADVISORS  LLC
1786379,Stonehage Fleming Financial Services Holdings Ltd
1786411,Carolina Wealth Advisors  LLC
1786767,Impactive Capital LP
1787027,Private Wealth Advisors  LLC
1787125,TBH Global Asset Management  LLC
1787147,Keebeck Alpha  LP
1787258,Cinctive Capital Management LP
1787596,Aperture Investors  LLC
1787663,RIVERSEDGE ADVISORS  LLC
1788241,Benchmark Wealth Management  LLC
1788587,Williams Jones Wealth Management  LLC.
1788700,Hernani Holdings LLC
1789082,Crake Asset Management LLP
1789219,Charles Schwab Trust Co
1789351,Deseret Mutual Benefit Administrators
1789382,Arkfeld Wealth Strategies  L.L.C.
1789779,Candlestick Capital Management LP
1790153,TCF National Bank
1790295,Delta Financial Advisors LLC
1790525,HBW Advisory Services LLC
1790548,Beck Bode  LLC
1790604,Solel Partners LP
1790723,Savior LLC
1790782,Gyon Technologies Capital Management  LP
1790837,Bull Street Advisors  LLC
1791002,Xcel Wealth Management  LLC
1791126,Triton Wealth Management  PLLC
1791468,CHI Advisors LLC
1791555,Hubbell Strickland Wealth Management  LLC
1791786,Elliott Investment Management L.P.
1791827,Avidity Partners Management LP
1791965,Kingsview Wealth Management  LLC
1792126,Logos Global Management LP
1792283,Venture Visionary Partners LLC
1792397,Gunderson Capital Management Inc.
1792430,Karani Asset Management LLC
1792510,MOULTON WEALTH MANAGEMENT  INC
1792565,Pavion Blue Capital  LLC
1792704,Avion Wealth
1792851,Fiduciary Planning LLC
1792942,Insight Folios Inc
1793163,LLR Walnut  L.P
1793269,Pacitti Group Inc.
1793367,Belmont Capital  LLC
1793399,Winning Points Advisors  LLC
1793432,EVOKE WEALTH  LLC
1793691,Relyea Zuckerberg Hanson LLC
1793755,Banque Cantonale Vaudoise
1793904,Wealth Alliance
1793923,WASHBURN CAPITAL MANAGEMENT  INC.
1794034,Juniper Investment Company  LLC
1794153,SCHWARZ DYGOS WHEELER INVESTMENT ADVISORS LLC
1794198,JNB Advisors LLC
1794290,NNS Investments (Cyprus) Ltd
1794293,SIX COLUMNS CAPITAL  LP
1794467,Blueprint Investment Partners LLC
1794499,Hyperion Capital Advisors LP
1794543,Kathmere Capital Management  LLC
1794820,ICW Investment Advisors LLC
1794935,Heartwood Wealth Advisors LLC
1795173,UMA Financial Services  Inc.
1795356,Red Spruce Capital  LLC
1795487,FountainVest China Capital Partners GP3 Ltd.
1795594,Kirkoswald Asset Management LLC
1795711,Watson Rebecca
1795816,Appian Way Asset Management LP
1795934,CBIZ Investment Advisory Services  LLC
1796409,Heard Capital LLC
1796458,Greenspring Associates  LLC
1796461,Burrage Capital Management LLC
1796651,Euro Pacific Asset Management  LLC
1797135,ARBOR TRUST WEALTH ADVISORS  LLC
1797678,Americana Partners  LLC
1797873,Lineweaver Wealth Advisors  LLC
1798026,Loveless Wealth Management LLC
1798172,BCS Wealth Management
1798221,Professional Financial Advisors  LLC
1798485,Aurora Investment Managers  LLC.
1798736,Capital Square  LLC
1798756,Beaumont Asset Management  L.L.C.
1798849,Durable Capital Partners LP
1798924,Bay Rivers Group
1798926,John W. Brooker & Co.  CPAs
1798986,Cedar Mountain Advisors  LLC
1799054,Silicon Hills Wealth Management  LLC
1799162,KPS Global Asset Management UK Ltd
1799284,Modus Advisors  LLC
1799367,GPM Growth Investors  Inc.
1799425,WealthBridge Investment Counsel Inc.
1799435,EPIQ PARTNERS  LLC
1799500,HawsGoodwin Investment Management LLC
1799544,HOEY INVESTMENTS  INC
1799581,CORBETT ROAD CAPITAL MANAGEMENT  LLC
1799677,Detalus Advisors  LLC
1799719,Paragon Advisors  LLC
1799752,Adams Chetwood Wealth Management LLC
1799797,Provident Wealth Management  LLC
1799802,Comprehensive Financial Management LLC
1799859,Birch Capital Management  LLC
1799877,Live Oak Private Wealth LLC
1799883,5AM Venture Management  LLC
1799900,Pacifica Partners Inc.
1799957,PFG Private Wealth Management  LLC
1799964,Firestone Capital Management
1800135,PYA Waltman Capital  LLC
1800158,Sunburst Financial Group  LLC
1800228,BCBSM  Inc.
1800234,ATTICUS WEALTH MANAGEMENT  LLC
1800245,NATURAL INVESTMENTS  LLC
1800249,Blacksheep Fund Management Ltd
1800261,AREX Capital Management  LP
1800328,Austin Private Wealth  LLC
1800336,National Investment Services of America  LLC
1800358,Cairn Investment Group  Inc.
1800369,Atlas Private Wealth Management
1800379,SkyOak Wealth  LLC
1800465,XML Financial  LLC
1800502,Beacon Financial Advisory LLC
1800513,TSFG  LLC
1800533,Lionsbridge Wealth Management LLC
1800535,Investors Financial Group  LLC
1800556,KFA Private Wealth Group  LLC
1800586,Briaud Financial Planning  Inc
1800593,Vista Wealth Management Group  LLC
1800597,First Citizens Financial Corp
1800608,Laidlaw Wealth Management LLC
1800620,Sound Financial Strategies Group  LLC
1800687,Symphony Financial  Ltd. Co.
1800692,Secure Asset Management  LLC
1800724,Cascadia Advisory Services  LLC
1800745,R. W. Roge & Company  Inc.
1800752,Camden Capital  LLC
1800798,Arkadios Wealth Advisors
1800911,S.A. Mason LLC
1800913,SPRENG CAPITAL MANAGEMENT  INC.
1800916,Value Partners Investments Inc.
1800938,One Charles Private Wealth Services  LLC
1801097,CFM WEALTH PARTNERS LLC
1801101,LPWM LLC
1801112,Great Diamond Partners  LLC
1801142,SEAPORT GLOBAL ASSET MANAGEMENT LLC
1801145,Michael B. Yongue
1801184,Single Point Partners  LLC
1801263,Parcion Private Wealth LLC
1801264,Akaris Global Partners  LP
1801265,Madison Avenue Partners  LP
1801297,Al Mehwar Commercial Investments LLC
1801373,LifeSteps Financial  Inc.
1801413,Summit Place Financial Advisors  LLC
1801470,DAN L DUNCAN FOUNDATION
1801507,Apella Capital  LLC
1801523,Perennial Investment Advisors  LLC
1801547,Blue Whale Capital LLP
1801563,Ayrshire Capital Management LLC
1801573,Aufman Associates Inc
1801577,Cota Capital Management  LLC
1801583,MISSION CREEK CAPITAL PARTNERS  INC
1801585,AMJ Financial Wealth Management
1801619,BELLEVUE ASSET MANAGEMENT  LLC
1801634,LWS Wealth Advisors  Inc.
1801674,WJ Wealth Management  LLC
1801682,PBMares Wealth Management LLC
1801720,Key Financial Inc
1801774,Minot Wealth Management LLC
1801792,Chronos Wealth Management  LLC
1801857,MADISON WEALTH MANAGEMENT
1801868,Steel Peak Wealth Management LLC
1801876,Royal Harbor Partners  LLC
1801881,DOHJ  LLC
1801926,Mayfair Advisory Group  LLC
1801989,Cardinal Strategic Wealth Guidance
1801991,Lion Street Advisors  LLC
1802013,Platte River Wealth Advisors  LLC
1802080,Tobias Financial Advisors  Inc.
1802084,CVA Family Office  LLC
1802091,Marotta Asset Management
1802098,Integer Wealth Advisors Group LLC
1802107,Altus Wealth Management  LLC
1802119,Avalon Advisory Group
1802131,Old Well Partners  LLC
1802132,Aurora Private Wealth  Inc.
1802136,Investment Research & Advisory Group  Inc.
1802167,Fortis Capital Management LLC
1802195,Powell Investment Advisors  LLC
1802224,JSF Financial  LLC
1802225,Copperleaf Capital  LLC
1802244,Indie Asset Partners  LLC
1802257,Nationwide Asset Management LLC
1802277,Strategic Financial Planning  Inc.
1802278,Stokes Family Office  LLC
1802279,Hummer Financial Advisory Services Inc
1802290,SENTINEL PENSION ADVISORS INC
1802297,RENAISSANCE INVESTMENT CONSULTANTS HOLDING COMPANY  LLC
1802324,360 Financial  Inc.
1802326,FountainCap Research & Investment (Hong Kong) Co.  Ltd.
1802365,Strategic Wealth Designers
1802376,Mattern Wealth Management LLC
1802387,Elevated Capital Advisors  LLC
1802437,Silversage Advisors
1802451,HighMark Wealth Management LLC
1802459,CWS Financial Advisors  LLC
1802469,AIA Investment Management HK Limited
1802473,Marks Group Wealth Management  Inc
1802474,Lloyd Advisory Services  LLC.
1802488,Tatro Capital  LLC
1802490,Legacy Wealth Planning  LLC
1802493,DCF Advisers  LLC
1802494,Stonebridge Financial Planning Group  LLC
1802496,QP WEALTH MANAGEMENT  LLC
1802516,Adventist Health System/ West
1802528,Fairmount Funds Management LLC
1802530,Soltis Investment Advisors LLC
1802531,Pantheon Investment Group  LLC
1802532,HIGHSIDE GLOBAL MANAGEMENT LLC
1802533,HOHIMER WEALTH MANAGEMENT  LLC
1802534,ABSHER WEALTH MANAGEMENT  LLC
1802611,Emerald Advisors  LLC
1802630,Soleus Capital Management  L.P.
1802635,H&H Retirement Design & Management INC
1802647,Orion Portfolio Solutions  LLC
1802654,Aberdeen Wealth Management LLC
1802655,TEXAS CAPITAL BANK WEALTH MANAGEMENT SERVICES INC
1802660,Wealth CMT
1802670,Wade Financial Advisory  Inc
1802691,McNaughton Wealth Management  LLC
1802695,Perseverance Asset Management International
1802696,Alhambra Investment Partners LLC
1802743,Element Wealth  LLC
1802797,Lead Edge Capital Management  LLC
1802816,CLIENT 1ST ADVISORY GROUP  LLC
1802837,Ebor Charitable Trust
1802838,BRIGHTLIGHT CAPITAL MANAGEMENT LP
1802858,BHF RG Capital Inc.
1802862,AFFINIA FINANCIAL GROUP  LLC
1802865,Summit Wealth Group  LLC
1802867,ADVANCED RESEARCH INVESTMENT SOLUTIONS  LLC
1802868,TL Private Wealth
1802872,HBC Financial Services  PLLC
1802874,University of Massachusetts Foundation  Inc.
1802879,Houlihan Financial Resource Group  Ltd.
1802881,CAAS CAPITAL MANAGEMENT LP
1802882,HARRELL INVESTMENT PARTNERS  LLC
1802891,Verde Capital Management
1802893,Rip Road Capital Partners LP
1802900,Mirova US LLC
1802911,VIVID FINANCIAL MANAGEMENT  INC.
1802946,Ennismore Fund Management Ltd
1802952,Game Plan Financial Advisors  LLC
1802955,Fusion Capital  LLC
1802961,Optas  LLC
1802967,Tao Capital Management LP
1802978,Invus Financial Advisors  LLC
1802984,Visionary Wealth Advisors
1802994,Mine & Arao Wealth Creation & Management  LLC.
1803005,Wealth Advisors of Iowa  LLC
1803012,Ocean Endowment Partners  LLC
1803054,NWK Group  Inc.
1803058,EPG Wealth Management LLC
1803081,Moser Wealth Advisors  LLC
1803084,Adams Wealth Management
1803087,Essex Private Wealth Management  LLC
1803089,American Family Insurance Mutual Holding Co
1803097,BERRY GROUP  LLC
1803106,Blue Zone Wealth Advisors  LLC
1803121,KINNEY ASSET MANAGEMENT  LLC
1803140,1776 Wealth LLC
1803146,Recurrent Investment Advisors LLC
1803149,Mizuho Markets Cayman LP
1803156,Menard Financial Group LLC
1803189,Private Wealth Strategies  L.L.C.
1803200,SherpaCapital  LLC
1803227,MATTERN CAPITAL MANAGEMENT  LLC
1803229,Capital Advisory Group Advisory Services  LLC
1803236,Resonant Capital Advisors  LLC
1803237,Pinpoint Asset Management Ltd
1803253,Soundwatch Capital LLC
1803255,Petix & Botte Co
1803274,Platinum Equity Advisors  LLC/DE
1803277,Capital Wealth Alliance  LLC
1803291,Asio Capital  LLC
1803295,HC Advisors  LLC
1803307,ION Crossover Partners Ltd
1803329,Regent Peak Wealth Advisors LLC
1803340,Stewart Asset Management  LLC
1803386,Wealth Quarterback LLC
1803391,SoftVest Advisors  LLC
1803397,Sculati Wealth Management  LLC
1803415,BALLAST ADVISORS LLC
1803425,CAROLINAS WEALTH CONSULTING LLC
1803426,BEAM Asset Management  LLC
1803456,N.E.W. Advisory Services LLC
1803460,Juniper Hill Capital Management  LP
1803519,Aprio Wealth Management  LLC
1803523,PACIFIC CAPITAL WEALTH ADVISORS  INC
1803557,Center for Financial Planning  Inc.
1803566,MADDEN SECURITIES Corp
1803593,Monaco Asset Management SAM
1803648,HERON FINANCIAL GROUP  LLC
1803662,MAGNOLIA CAPITAL ADVISORS LLC
1803673,PAX Financial Group  LLC
1803675,Keebeck Wealth Management  LLC
1803679,Baymount Management LP
1803804,Archer Investment Corp
1803848,RMR Wealth Builders
1803898,Sailer Financial LLC
1803919,Wealth Enhancement & Preservation of GA  LLC
1803988,Trust Co of Kansas
1803994,Running Oak Capital LLC
1804116,Kerntke Otto McGlone Wealth Management Group
1804256,FSA Wealth Management LLC
1804329,Procyon Private Wealth Partners  LLC
1804717,Adaptive Financial Consulting  LLC
1804909,Total Clarity Wealth Management  Inc.
1805250,Consolidated Planning Corp
1805604,Danda Trouve Investment Management  Inc.
1805754,swisspartners Advisors Ltd
1805758,First Ascent Asset Management  LLC
1805824,American Institute for Advanced Investment Management  LLP
1806091,Filbrandt Wealth Management  LLC
1806222,Engrave Wealth Partners LLC
1806226,Sowa Financial Group  Inc.
1806425,Citizens National Bank Trust Department
1806428,Tempus Wealth Planning  LLC
1806473,TFG Advisers LLC
1806580,WEALTH ADVISORS  INC.
1806668,SVB Wealth Advisory  Inc.
1807328,LIBERTY ONE INVESTMENT MANAGEMENT  LLC
1808129,Capstone Financial Group  Inc.
1808195,Stolper Co
1808275,3G Sahana Capital Management LP
1808748,Davidson Capital Management Inc.
1808919,Hunter Perkins Capital Management  LLC
1809043,Eudaimonia Partners  LLC
1809125,Paul John Balson
1809159,Spotlight Asset Group  Inc.
1810023,Affinity Capital Advisors  LLC
1810089,First Pacific Financial
1810099,Royal Fund Management  LLC
1810512,Truadvice  LLC
1810676,HYA Advisors  Inc
1811005,Veracity Capital LLC
1811034,1623 Capital LLC
1811240,Souders Financial Advisors
1811243,Taal Capital Management LP
1811308,Wellspring Financial Advisors  LLC
1811472,I.G.Y. Ltd
1811491,Auxano Advisors  LLC
1811513,Symetra Investment Management Co
1811522,Sycale Advisors (NY) LLC
1811579,Southern Wealth Management  LLP
1811613,Wealthsimple US  Ltd.
1811783,Richard P Slaughter Associates Inc
1811827,ARQ WEALTH ADVISORS  LLC
1812093,Stevard  LLC
1812095,Sixth Street Partners Management Company  L.P.
1812103,Rosenberg Matthew Hamilton
1812155,StrongBox Wealth  LLC
1812177,WALLED LAKE PLANNING & WEALTH MANAGEMENT  LLC
1812178,JACKSON SQUARE CAPITAL  LLC
1812492,Disciplined Investments  LLC
1812792,Intrua Financial  LLC
1814234,Atlas Private Wealth Advisors
1815025,NovaPoint Capital  LLC
1815183,Fortis Group Advisors  LLC
1815467,Great Mountain Partners LLC
1816444,Sara-Bay Financial
1816635,Lowell Blake & Associates Inc.
1817174,Prudent Man Advisors  LLC
1817494,Walkner Condon Financial Advisors LLC
1817646,L1 Capital Pty Ltd
1818044,AF Advisors  Inc.
1818207,Horst & Graben Wealth Management LLC
1818296,SB Management Ltd
1818535,Carl P. Sherr & Co.  LLC
1818604,INTERNATIONAL ASSETS INVESTMENT MANAGEMENT  LLC
1818759,Sunflower Bank  N.A.
1818897,AM INVESTMENT STRATEGIES LLC
1818940,Praetorian Wealth Management  Inc.
1819679,Milestone Advisory Partners
1819695,ONE Advisory Partners  LLC
1819919,PACES FERRY WEALTH ADVISORS  LLC
1819955,Intelligence Driven Advisers  LLC
1820538,Garrison Point Capital  LLC
1820680,BLUESTEM FINANCIAL ADVISORS  LLC
1821051,APPLIED RESEARCH INVESTMENTS  LLC
1821168,LOUNTZIS ASSET MANAGEMENT  LLC
1821219,Global Frontier Investments LLC
1821289,Tri-Star Advisors Inc.
1821407,WFA of San Diego  LLC
1821462,GWM Asset Management Ltd
1821549,BNC WEALTH MANAGEMENT  LLC
1821984,Rockbridge Investment Management  LCC
1822632,Gleason Group  Inc.
1822731,Fullen Financial Group
1823172,One Day In July LLC
1826790,Tennessee Valley Asset Management Partners
1827210,ANQA MANAGEMENT LLC
1827844,TFC Financial Management
1828822,XXEC  Inc.
1829985,Aware Asset Management  Inc.
1830817,Platform Technology Partners
1830819,Kestra Advisory Services  LLC
1830922,CHIRON CAPITAL MANAGEMENT  LLC
1830942,Cordant  Inc.
1831003,Jackson Creek Investment Advisors LLC
1831132,Windmill Hill Asset Management Ltd
1831193,CATALYST PRIVATE WEALTH  LLC
1831263,JEPPSON WEALTH MANAGEMENT  LLC
1831332,Planned Solutions  Inc.
1831423,Vida Ventures Advisors  LLC
1831542,Hexagon Capital Partners LLC
1831577,Jump Financial  LLC
1831984,Berkshire Bank
1831985,Axiom Financial Strategies  LLC
1832093,Baron Financial Group  LLC
1832158,CLAUDIA M.P. BATLLE  CRP (R) LLC
1832187,Codex Capital  L.L.C.
1832190,Founders Financial Alliance  LLC
1832212,Ten Capital Wealth Advisors  LLC
1832237,Te Ahumairangi Investment Management Ltd
1832439,ATMOS CAPITAL GESTAO DE RECURSOS LTDA.
1834210,Model Capital Management LLC
1834802,Wealth Advisory Solutions  LLC
